{
"type": "FeatureCollection",
"name": "stat_sector_2001",
"crs": { "type": "name", "properties": { "name": "urn:ogc:def:crs:OGC:1.3:CRS84" } },
"features": [
{ "type": "Feature", "properties": { "OBJECTID": 36369, "SECCODE": "11002R19-", "SECNAAM": "KRUININGE", "NISGEMEENTE": "11002", "NISDEELGEMEENTE": "11002R", "NISCODE": "R19-", "OPPERVLAKTE": 712747.56659049995, "shape_Length": 5069.9885989815566, "shape_Area": 712747.56659330637 }, "geometry": { "type": "Polygon", "coordinates": [ [ [ 4.454142506253492, 51.237540715486219 ], [ 4.455416478041007, 51.23575648649269 ], [ 4.456296009113369, 51.234636946847353 ], [ 4.456934969866825, 51.233780373470793 ], [ 4.457428374209477, 51.233095134475406 ], [ 4.457541752563636, 51.232603799447418 ], [ 4.459731535197759, 51.232982841954176 ], [ 4.462091436129464, 51.233352432779384 ], [ 4.463763394177953, 51.233599125146391 ], [ 4.466555455680917, 51.234030161146279 ], [ 4.472544488502098, 51.234973580113497 ], [ 4.474715422378146, 51.235435225229779 ], [ 4.47610214872142, 51.235747767661351 ], [ 4.477102472320515, 51.235989337171603 ], [ 4.478148102472757, 51.236173807042086 ], [ 4.479148003868181, 51.236229921149373 ], [ 4.480431695781303, 51.236193051764992 ], [ 4.481476857754633, 51.23617778967003 ], [ 4.482328863574188, 51.236148440607018 ], [ 4.483317277576274, 51.23615461830326 ], [ 4.484244480547287, 51.236171508058582 ], [ 4.484174198554953, 51.236213750381054 ], [ 4.483463523276403, 51.236698971478255 ], [ 4.48140440337889, 51.238083342057884 ], [ 4.481317768652029, 51.238062635024001 ], [ 4.481318581768501, 51.237931746097686 ], [ 4.481305270576987, 51.237886673348299 ], [ 4.481230083568128, 51.237880570322986 ], [ 4.481118945880386, 51.237905250717077 ], [ 4.481021069651599, 51.237954645254675 ], [ 4.480897098174186, 51.238036782149244 ], [ 4.480828466278603, 51.238053278279459 ], [ 4.48059008627225, 51.238104765784932 ], [ 4.480485547587066, 51.23817058790123 ], [ 4.480452971516713, 51.238211632632776 ], [ 4.480443228450061, 51.238250543403865 ], [ 4.48042062738298, 51.238342973944519 ], [ 4.480374878554422, 51.238390206149738 ], [ 4.480005384784135, 51.238246886884397 ], [ 4.479746844597274, 51.23819179910123 ], [ 4.479691242048725, 51.238142550572725 ], [ 4.479678136929238, 51.238087230748683 ], [ 4.479658325857582, 51.238035845151884 ], [ 4.479605948095337, 51.238023679410453 ], [ 4.47948189538507, 51.23807295353987 ], [ 4.47931201998571, 51.238144984168791 ], [ 4.47921717832991, 51.238146951897441 ], [ 4.479138787399894, 51.238112312590367 ], [ 4.479109825843747, 51.238072314728079 ], [ 4.479115678198071, 51.237992537756789 ], [ 4.479139585785976, 51.237882552007903 ], [ 4.47840699995979, 51.237461909443411 ], [ 4.47813166336446, 51.237397701636262 ], [ 4.477523920291503, 51.237348829784892 ], [ 4.477133930078842, 51.237335986195895 ], [ 4.476937435165565, 51.237309624672946 ], [ 4.476828443946405, 51.237291190997652 ], [ 4.476796214986059, 51.237285737744578 ], [ 4.47638552478968, 51.237311398777614 ], [ 4.47633406618757, 51.237213419083844 ], [ 4.476285093827104, 51.237224133060273 ], [ 4.476163061868624, 51.237280979042957 ], [ 4.476104535220427, 51.237314738785017 ], [ 4.47605581687758, 51.237342458368175 ], [ 4.475980248022919, 51.237362463474362 ], [ 4.475916710504283, 51.237359438430047 ], [ 4.475796956110401, 51.237336510462107 ], [ 4.475686845192925, 51.237316665586356 ], [ 4.475518273370859, 51.237272299620187 ], [ 4.475379121008276, 51.237275517947467 ], [ 4.475146942096447, 51.23729103552148 ], [ 4.474951594634475, 51.237277451077198 ], [ 4.474758519681114, 51.237274533416759 ], [ 4.474656047193159, 51.237276171805284 ], [ 4.474538840961467, 51.237283998357384 ], [ 4.474450954302375, 51.237302476569049 ], [ 4.47439955062075, 51.237320921920784 ], [ 4.474353244998547, 51.237327147518691 ], [ 4.474284768021866, 51.237317933072347 ], [ 4.474209121706175, 51.237304239840405 ], [ 4.474111269115278, 51.237265992358658 ], [ 4.474015875612923, 51.237232362598078 ], [ 4.473932771419909, 51.237187917778975 ], [ 4.473905834105899, 51.237148060633878 ], [ 4.473905754053732, 51.237112808445033 ], [ 4.473932496127441, 51.237066719279611 ], [ 4.473932426589982, 51.237036105062678 ], [ 4.473903079199753, 51.237013094217602 ], [ 4.473815126846632, 51.237002503732363 ], [ 4.473700348573319, 51.237001060307477 ], [ 4.47349739278692, 51.236984388268169 ], [ 4.473375237199967, 51.236981405109773 ], [ 4.473241011020243, 51.236984616536361 ], [ 4.472918708995656, 51.237017062981224 ], [ 4.472723202983195, 51.2370340892762 ], [ 4.472662146184263, 51.237038781270883 ], [ 4.472478912443509, 51.237037397180536 ], [ 4.472351838233403, 51.237037509295547 ], [ 4.472234652107989, 51.237060640686735 ], [ 4.471948793662766, 51.237185182840996 ], [ 4.471861612590274, 51.237218687008507 ], [ 4.471731960026356, 51.237263607579457 ], [ 4.471648764319371, 51.237280111150739 ], [ 4.47154386447423, 51.237291294582398 ], [ 4.471456182956804, 51.237299514696133 ], [ 4.47132913851838, 51.237313386829129 ], [ 4.471273214957232, 51.237315125449513 ], [ 4.471158466132996, 51.237327305850101 ], [ 4.470979097965422, 51.237352179985244 ], [ 4.470865357883258, 51.237412806355891 ], [ 4.470839094223749, 51.237476026171343 ], [ 4.470785889760366, 51.237496718598699 ], [ 4.47075078725392, 51.237506025042421 ], [ 4.470697355551279, 51.237521090928745 ], [ 4.470530351344299, 51.237575732007038 ], [ 4.470356624924411, 51.237627421499674 ], [ 4.470194292054478, 51.23767095746642 ], [ 4.470016335891877, 51.237726874626333 ], [ 4.469828315637387, 51.237790368354233 ], [ 4.46964882976206, 51.237867489754798 ], [ 4.469473776991121, 51.237922549707463 ], [ 4.469311913582195, 51.237972124214444 ], [ 4.468887346440652, 51.238107311896513 ], [ 4.468747415334775, 51.238162349811702 ], [ 4.46843653108129, 51.23820938033959 ], [ 4.467954986762456, 51.238278422915926 ], [ 4.467859011994544, 51.238386822325964 ], [ 4.467849169006691, 51.238591315179768 ], [ 4.467581841454512, 51.238713449143894 ], [ 4.46712827497962, 51.238785035454598 ], [ 4.467049515829381, 51.238782288045485 ], [ 4.46694880873817, 51.23877408504179 ], [ 4.466861065584838, 51.238754923337602 ], [ 4.466786730258108, 51.238724784614405 ], [ 4.466703408027421, 51.238683561738874 ], [ 4.466615647926043, 51.238656256438389 ], [ 4.466497483483616, 51.238639780353523 ], [ 4.466374892563922, 51.238642686671717 ], [ 4.466269741541564, 51.238645443558937 ], [ 4.466120758413251, 51.238653854405939 ], [ 4.466024550939731, 51.238653934125992 ], [ 4.465906166327299, 51.238634788098643 ], [ 4.465836116134636, 51.238626567771938 ], [ 4.465691525700022, 51.238599299761219 ], [ 4.465482699298305, 51.238557199821997 ], [ 4.465304086290263, 51.238522229389872 ], [ 4.465067731053479, 51.238475800994038 ], [ 4.46491761329509, 51.238475501563848 ], [ 4.464628666033107, 51.238422086469164 ], [ 4.464251549319473, 51.238356814887261 ], [ 4.464218898078333, 51.238361470426732 ], [ 4.464079087800393, 51.238373942960308 ], [ 4.46400555232359, 51.238411223312966 ], [ 4.463979326633359, 51.238490728397402 ], [ 4.463963136708529, 51.23856251334896 ], [ 4.463928586251363, 51.238625459673116 ], [ 4.463897954596787, 51.238630535938029 ], [ 4.463859027799962, 51.238633380819223 ], [ 4.463810468703765, 51.238631307880176 ], [ 4.463675471369073, 51.23858928877759 ], [ 4.463628900172255, 51.23857205084289 ], [ 4.463585467400225, 51.23855607770988 ], [ 4.463416841123564, 51.238481637589921 ], [ 4.463410806933673, 51.238478694281753 ], [ 4.463208419897249, 51.23841930956354 ], [ 4.463171713456681, 51.238408526122491 ], [ 4.463104781796841, 51.238391439175672 ], [ 4.463058865389849, 51.238365077332922 ], [ 4.463048065729621, 51.238335307663661 ], [ 4.463082923862729, 51.238310426928209 ], [ 4.463108788138857, 51.238270659743918 ], [ 4.463118812577189, 51.238250284127993 ], [ 4.463098176622696, 51.238220809993201 ], [ 4.463043081317648, 51.238194033065831 ], [ 4.462904210719357, 51.238224893584473 ], [ 4.462812319274225, 51.238255725303588 ], [ 4.462716346861942, 51.238258336854877 ], [ 4.462642703867177, 51.238243079647887 ], [ 4.462550674419575, 51.238205941507935 ], [ 4.462385200178129, 51.238138094826994 ], [ 4.462244171762934, 51.238093265546155 ], [ 4.462082804898067, 51.238066572743769 ], [ 4.46197555326985, 51.23802115901097 ], [ 4.46191529031542, 51.237987500597029 ], [ 4.461819906323328, 51.237947829837474 ], [ 4.461767991014935, 51.237942531908907 ], [ 4.461686143207753, 51.237955234320133 ], [ 4.461642809589947, 51.237995158833662 ], [ 4.461605942668271, 51.238018216104621 ], [ 4.461547589763283, 51.238037227621682 ], [ 4.461495682818839, 51.238036136106707 ], [ 4.461415342907136, 51.238022582219671 ], [ 4.461304988871428, 51.238000620886943 ], [ 4.461224672072915, 51.237998571917792 ], [ 4.461159580650472, 51.238006074496965 ], [ 4.461087806615826, 51.238022840278731 ], [ 4.461020717503883, 51.238041013503086 ], [ 4.460935067861053, 51.238057367644629 ], [ 4.460797064763599, 51.238078544575345 ], [ 4.460711392085581, 51.238083384519143 ], [ 4.46052121356113, 51.238076513447886 ], [ 4.460338670482896, 51.238085922972047 ], [ 4.460182058951428, 51.238088435946835 ], [ 4.4598614614844, 51.238093314196284 ], [ 4.459693672315899, 51.238091197219802 ], [ 4.459615405562829, 51.238112326477768 ], [ 4.459559550622214, 51.23814972520595 ], [ 4.459481384800104, 51.238222393389911 ], [ 4.459384560267749, 51.238250556722697 ], [ 4.459255923523425, 51.238251437956897 ], [ 4.459255751700231, 51.238251438089385 ], [ 4.457713029428223, 51.237987947058997 ], [ 4.457651942414455, 51.238097534145503 ], [ 4.457599262944937, 51.238163862980777 ], [ 4.457552499180442, 51.238276117686986 ], [ 4.454142506253492, 51.237540715486219 ] ] ] } },
{ "type": "Feature", "properties": { "OBJECTID": 36374, "SECCODE": "11002R110", "SECNAAM": "BISSCHOPPENHOF", "NISGEMEENTE": "11002", "NISDEELGEMEENTE": "11002R", "NISCODE": "R110", "OPPERVLAKTE": 469003.916058, "shape_Length": 2675.0279133099361, "shape_Area": 469003.91605739621 }, "geometry": { "type": "Polygon", "coordinates": [ [ [ 4.457541752563636, 51.232603799447418 ], [ 4.457585155653727, 51.232533738354974 ], [ 4.457751588777185, 51.232302863281916 ], [ 4.457915976134817, 51.232073634375276 ], [ 4.458056586810657, 51.231876601621074 ], [ 4.458241113848107, 51.231624778146909 ], [ 4.458324239186917, 51.231522948576391 ], [ 4.45840010963047, 51.231408378996925 ], [ 4.4584613047247, 51.231308273858552 ], [ 4.458593996247743, 51.231149357087531 ], [ 4.458610020314658, 51.231121921343565 ], [ 4.458620698672731, 51.231098938927381 ], [ 4.458638460816089, 51.231008187861654 ], [ 4.458744038111282, 51.230592916728121 ], [ 4.458791932626731, 51.230434487133166 ], [ 4.45882926491216, 51.230292523302531 ], [ 4.458879903768082, 51.230110119589511 ], [ 4.458913793445672, 51.22997965447076 ], [ 4.458971234749647, 51.229776769982038 ], [ 4.459020286437331, 51.229595913389325 ], [ 4.459074567137721, 51.229395152503557 ], [ 4.459129592237513, 51.229187290196144 ], [ 4.459192913848366, 51.228917698353769 ], [ 4.459255700516349, 51.228675062968854 ], [ 4.459255602826376, 51.228625123685326 ], [ 4.459281952529209, 51.228541871095523 ], [ 4.459416306615178, 51.228477060133123 ], [ 4.459550676122746, 51.228427592145636 ], [ 4.459687758029514, 51.2283889888378 ], [ 4.459869861137999, 51.228371652855124 ], [ 4.460172841924781, 51.228345584678756 ], [ 4.460309382107139, 51.228178285630015 ], [ 4.46036814247957, 51.228096301819377 ], [ 4.46042068845831, 51.228020902315862 ], [ 4.460537636662044, 51.227857474291056 ], [ 4.460609890229724, 51.227765547649071 ], [ 4.460665839360249, 51.227695772081802 ], [ 4.460821108384847, 51.227503748699846 ], [ 4.460894525718169, 51.227457634679674 ], [ 4.460992242276731, 51.227429055806368 ], [ 4.461098457584444, 51.227419786173201 ], [ 4.461220366495928, 51.227412562419005 ], [ 4.461325040812612, 51.227413019212761 ], [ 4.461428356724668, 51.22742139574062 ], [ 4.46176356412276, 51.226702285587763 ], [ 4.461786721424204, 51.226707174887139 ], [ 4.462082237336531, 51.226761742401031 ], [ 4.463969395446968, 51.227046884043801 ], [ 4.465171527003004, 51.227218740346501 ], [ 4.466529936546734, 51.227466783641972 ], [ 4.467168878221355, 51.227604526967184 ], [ 4.468019439527564, 51.227825050800917 ], [ 4.468605555819623, 51.227971127257575 ], [ 4.469125254201462, 51.228111693784967 ], [ 4.469556606661794, 51.228281555067362 ], [ 4.470054519569909, 51.228512145710788 ], [ 4.470479233973555, 51.228700336612704 ], [ 4.470494596106249, 51.229574019404602 ], [ 4.47011254370376, 51.230338027964905 ], [ 4.469527926788083, 51.2311794909238 ], [ 4.468016405488433, 51.231971726522055 ], [ 4.467785074099029, 51.232144660014441 ], [ 4.467546307302588, 51.232222142976951 ], [ 4.467365659013316, 51.232390484877008 ], [ 4.465036339557186, 51.233415202297842 ], [ 4.464957005289068, 51.233565273881887 ], [ 4.464621612000666, 51.233731625905961 ], [ 4.463763394177953, 51.233599125146391 ], [ 4.462091436129464, 51.233352432779384 ], [ 4.459731535197759, 51.232982841954176 ], [ 4.457541752563636, 51.232603799447418 ] ] ] } },
{ "type": "Feature", "properties": { "OBJECTID": 36375, "SECCODE": "11002R21-", "SECNAAM": "MORTELHOEK", "NISGEMEENTE": "11002", "NISDEELGEMEENTE": "11002R", "NISCODE": "R21-", "OPPERVLAKTE": 306483.23349200003, "shape_Length": 2498.6354937521519, "shape_Area": 306483.2334930682 }, "geometry": { "type": "Polygon", "coordinates": [ [ [ 4.479012420267495, 51.231842223754654 ], [ 4.479050432750883, 51.230159315340842 ], [ 4.479058070935962, 51.228869828239887 ], [ 4.479076491881649, 51.227623986885014 ], [ 4.479105501124974, 51.226334478425514 ], [ 4.47912060425195, 51.225938220600028 ], [ 4.479971016029264, 51.225936394164258 ], [ 4.480285548918967, 51.225939376834354 ], [ 4.480630801281785, 51.225942266509307 ], [ 4.480822559695199, 51.225923172257509 ], [ 4.481018915715079, 51.22585792696524 ], [ 4.480909033279072, 51.225762521362434 ], [ 4.480804227164579, 51.225658769598155 ], [ 4.48072167599385, 51.22557075316621 ], [ 4.480676017289793, 51.225507752160539 ], [ 4.48063983073726, 51.225442971407183 ], [ 4.480609903145191, 51.225379577883118 ], [ 4.480590017305743, 51.225330987645926 ], [ 4.480574044882042, 51.225278735409887 ], [ 4.480564748191834, 51.225240453752065 ], [ 4.480556863803089, 51.225194225020317 ], [ 4.480556247954712, 51.225152564458632 ], [ 4.480554108453372, 51.225108289726776 ], [ 4.480555338296074, 51.225060326552217 ], [ 4.480566514039668, 51.224993442358581 ], [ 4.480589432850646, 51.224899051526158 ], [ 4.480613235695491, 51.224797334312377 ], [ 4.480646752756559, 51.22468753627286 ], [ 4.480689827954922, 51.224558413079073 ], [ 4.480875563584281, 51.224620067111061 ], [ 4.481366865636295, 51.224768103424211 ], [ 4.482021734730377, 51.224977200038538 ], [ 4.482494164166332, 51.225131442836307 ], [ 4.482930991714912, 51.225266429263947 ], [ 4.483126099194577, 51.225329814390868 ], [ 4.483224174346613, 51.225366786999352 ], [ 4.483282981677833, 51.22538524577687 ], [ 4.483451891379958, 51.225430121847054 ], [ 4.483668004117693, 51.225489422829526 ], [ 4.483910015890167, 51.225607598903309 ], [ 4.483915945904561, 51.225649416027302 ], [ 4.483918278444876, 51.225695191562387 ], [ 4.483935225588985, 51.226028625860991 ], [ 4.483941696204476, 51.226115132666152 ], [ 4.483949110925081, 51.226212874015673 ], [ 4.483993743757251, 51.22680536207195 ], [ 4.484033311272409, 51.227242940309175 ], [ 4.484067361832879, 51.227355827859078 ], [ 4.484230482401942, 51.227739920698355 ], [ 4.484544328883388, 51.228465845438969 ], [ 4.484639354288558, 51.228631191741243 ], [ 4.484727678174843, 51.228795564836403 ], [ 4.484841506713179, 51.22905442536775 ], [ 4.484901609084382, 51.229204786341924 ], [ 4.485183147384276, 51.23006064974485 ], [ 4.485350916956224, 51.230595147314304 ], [ 4.485871201213199, 51.232182199302237 ], [ 4.485977357084961, 51.232492335636756 ], [ 4.48599560216649, 51.232545402676749 ], [ 4.48598399988543, 51.232588459483452 ], [ 4.485736463194969, 51.232572347233081 ], [ 4.485412635024415, 51.23254604548773 ], [ 4.485152922675554, 51.232527247590141 ], [ 4.484821456400599, 51.232497805863559 ], [ 4.484519046715538, 51.232465548208971 ], [ 4.483896258791687, 51.232405910881376 ], [ 4.483687201132904, 51.232375716835499 ], [ 4.481468961457501, 51.232420379675666 ], [ 4.47996612054629, 51.231846637305189 ], [ 4.479649460820085, 51.231845004015383 ], [ 4.479193803481737, 51.231844534235741 ], [ 4.479012420267495, 51.231842223754654 ] ] ] } },
{ "type": "Feature", "properties": { "OBJECTID": 36376, "SECCODE": "11002R13-", "SECNAAM": "TEN EEKHOVE", "NISGEMEENTE": "11002", "NISDEELGEMEENTE": "11002R", "NISCODE": "R13-", "OPPERVLAKTE": 540120.7408725, "shape_Length": 3553.0348502974348, "shape_Area": 540120.74087209778 }, "geometry": { "type": "Polygon", "coordinates": [ [ [ 4.450616787312835, 51.223038454189648 ], [ 4.451467103745506, 51.223884679950686 ], [ 4.451674124115638, 51.224304380998952 ], [ 4.452042510636123, 51.225150699338435 ], [ 4.452243184364688, 51.225077930558726 ], [ 4.452271909219453, 51.225067519541405 ], [ 4.452668983615919, 51.224997953680017 ], [ 4.452817544808695, 51.224984859082305 ], [ 4.453249974750148, 51.224946734230016 ], [ 4.453672928266226, 51.224932263079076 ], [ 4.453801607758562, 51.224927855422017 ], [ 4.454287044315601, 51.224913651344316 ], [ 4.454529188272596, 51.224897951594357 ], [ 4.45452739327267, 51.225126437468667 ], [ 4.454534441296846, 51.225985936762171 ], [ 4.454531425785618, 51.226544287727798 ], [ 4.454556478830398, 51.227795189859307 ], [ 4.454563664634386, 51.227910631197517 ], [ 4.45457489157068, 51.228059155752611 ], [ 4.454598997435572, 51.228258904562097 ], [ 4.454645001352075, 51.228556143107305 ], [ 4.454771012828949, 51.229105410611382 ], [ 4.454858621250088, 51.229379886894584 ], [ 4.454977605394799, 51.229689574404041 ], [ 4.455076724817443, 51.229924933647531 ], [ 4.455241727067794, 51.230205680393851 ], [ 4.455378734724742, 51.230390254139508 ], [ 4.455467730424165, 51.230508079707263 ], [ 4.455528882290479, 51.230595850753971 ], [ 4.455620728140776, 51.23070628565948 ], [ 4.455711541253502, 51.230807831769205 ], [ 4.455846980045173, 51.230963220899483 ], [ 4.455999657597978, 51.23111148725863 ], [ 4.456692092856319, 51.231815468633307 ], [ 4.457232600375793, 51.232360268853292 ], [ 4.457445225512436, 51.232527768069907 ], [ 4.457541752563636, 51.232603799447418 ], [ 4.457416253318766, 51.23258272676695 ], [ 4.456102220082228, 51.232362032563934 ], [ 4.454523864006311, 51.232076720258078 ], [ 4.450311370303474, 51.231330743460475 ], [ 4.448843008157658, 51.231038375665207 ], [ 4.447369028616378, 51.230656253632695 ], [ 4.446186510718386, 51.230318790882293 ], [ 4.445058995013374, 51.229988183534807 ], [ 4.444107505545565, 51.229716128353907 ], [ 4.443205686517629, 51.229557934446021 ], [ 4.442299727411031, 51.22922333967152 ], [ 4.442299713080863, 51.229223330692172 ], [ 4.442266481780967, 51.229004826501992 ], [ 4.442182627352379, 51.228460238226276 ], [ 4.442182627323798, 51.228460220249573 ], [ 4.44226793565112, 51.228092506683375 ], [ 4.442660476673194, 51.227383158479775 ], [ 4.442677646014711, 51.227350708627711 ], [ 4.44525751656174, 51.226668740891192 ], [ 4.446169635502165, 51.226792154470118 ], [ 4.446813313076609, 51.226495111307173 ], [ 4.446813313015875, 51.226495075353753 ], [ 4.446553943854669, 51.225485916412815 ], [ 4.446553958169377, 51.225485916403322 ], [ 4.448238705466125, 51.225415548607224 ], [ 4.449411892465754, 51.224291200108503 ], [ 4.450137358336302, 51.223348743371908 ], [ 4.450385709407329, 51.223188011229993 ], [ 4.450616787312835, 51.223038454189648 ] ] ] } },
{ "type": "Feature", "properties": { "OBJECTID": 36377, "SECCODE": "11002R12-", "SECNAAM": "CONFORTA", "NISGEMEENTE": "11002", "NISDEELGEMEENTE": "11002R", "NISCODE": "R12-", "OPPERVLAKTE": 247182.12558699999, "shape_Length": 2281.003342825582, "shape_Area": 247182.1255876527 }, "geometry": { "type": "Polygon", "coordinates": [ [ [ 4.461098457584444, 51.227419786173201 ], [ 4.460992242276731, 51.227429055806368 ], [ 4.460894525718169, 51.227457634679674 ], [ 4.460821108384847, 51.227503748699846 ], [ 4.460665839360249, 51.227695772081802 ], [ 4.460609890229724, 51.227765547649071 ], [ 4.460537636662044, 51.227857474291056 ], [ 4.46042068845831, 51.228020902315862 ], [ 4.46036814247957, 51.228096301819377 ], [ 4.460309382107139, 51.228178285630015 ], [ 4.460172841924781, 51.228345584678756 ], [ 4.459869861137999, 51.228371652855124 ], [ 4.459687758029514, 51.2283889888378 ], [ 4.459550676122746, 51.228427592145636 ], [ 4.459416306615178, 51.228477060133123 ], [ 4.459281952529209, 51.228541871095523 ], [ 4.459255602826376, 51.228625123685326 ], [ 4.459255700516349, 51.228675062968854 ], [ 4.459192913848366, 51.228917698353769 ], [ 4.459129592237513, 51.229187290196144 ], [ 4.459074567137721, 51.229395152503557 ], [ 4.459020286437331, 51.229595913389325 ], [ 4.458971234749647, 51.229776769982038 ], [ 4.458913793445672, 51.22997965447076 ], [ 4.458879903768082, 51.230110119589511 ], [ 4.45882926491216, 51.230292523302531 ], [ 4.458791932626731, 51.230434487133166 ], [ 4.458744038111282, 51.230592916728121 ], [ 4.458638460816089, 51.231008187861654 ], [ 4.458620698672731, 51.231098938927381 ], [ 4.458610020314658, 51.231121921343565 ], [ 4.458593996247743, 51.231149357087531 ], [ 4.4584613047247, 51.231308273858552 ], [ 4.45840010963047, 51.231408378996925 ], [ 4.458324239186917, 51.231522948576391 ], [ 4.458241113848107, 51.231624778146909 ], [ 4.458056586810657, 51.231876601621074 ], [ 4.457915976134817, 51.232073634375276 ], [ 4.457751588777185, 51.232302863281916 ], [ 4.457585155653727, 51.232533738354974 ], [ 4.457541752563636, 51.232603799447418 ], [ 4.457445225512436, 51.232527768069907 ], [ 4.457232600375793, 51.232360268853292 ], [ 4.456692092856319, 51.231815468633307 ], [ 4.455999657597978, 51.23111148725863 ], [ 4.455846980045173, 51.230963220899483 ], [ 4.455711541253502, 51.230807831769205 ], [ 4.455620728140776, 51.23070628565948 ], [ 4.455528882290479, 51.230595850753971 ], [ 4.455467730424165, 51.230508079707263 ], [ 4.455378734724742, 51.230390254139508 ], [ 4.455241727067794, 51.230205680393851 ], [ 4.455076724817443, 51.229924933647531 ], [ 4.454977605394799, 51.229689574404041 ], [ 4.454858621250088, 51.229379886894584 ], [ 4.454771012828949, 51.229105410611382 ], [ 4.454645001352075, 51.228556143107305 ], [ 4.454598997435572, 51.228258904562097 ], [ 4.45457489157068, 51.228059155752611 ], [ 4.454563664634386, 51.227910631197517 ], [ 4.454556478830398, 51.227795189859307 ], [ 4.454531425785618, 51.226544287727798 ], [ 4.454534441296846, 51.225985936762171 ], [ 4.45452739327267, 51.225126437468667 ], [ 4.454529188272596, 51.224897951594357 ], [ 4.454647426262182, 51.224890287870366 ], [ 4.454714935037983, 51.224883407250019 ], [ 4.455103385531591, 51.224843770825096 ], [ 4.45559609173215, 51.224783364743026 ], [ 4.456007847848101, 51.224699916706946 ], [ 4.456322603046989, 51.224636583762965 ], [ 4.45635342460641, 51.224630385736361 ], [ 4.456412308773221, 51.224612418925226 ], [ 4.456787672845549, 51.224497904546169 ], [ 4.457203666094491, 51.224806234640504 ], [ 4.457338786220165, 51.224906371098825 ], [ 4.458158967550509, 51.225500132437297 ], [ 4.458164513950649, 51.225503552782605 ], [ 4.45841040465077, 51.225654918173603 ], [ 4.458548821875199, 51.22574012100835 ], [ 4.458945303472291, 51.225933732154409 ], [ 4.459126050882584, 51.226003936119582 ], [ 4.459430458998491, 51.226122168078604 ], [ 4.459476086673866, 51.226139884853644 ], [ 4.46010083317984, 51.226329099869211 ], [ 4.460124106557888, 51.226334960148613 ], [ 4.46065163324002, 51.226467782932062 ], [ 4.461537361911304, 51.226654583552452 ], [ 4.46176356412276, 51.226702285587763 ], [ 4.461758660863283, 51.226712796880797 ], [ 4.461428356724668, 51.22742139574062 ], [ 4.461325040812612, 51.227413019212761 ], [ 4.461220366495928, 51.227412562419005 ], [ 4.461098457584444, 51.227419786173201 ] ] ] } },
{ "type": "Feature", "properties": { "OBJECTID": 36382, "SECCODE": "11002R05-", "SECNAAM": "TER RIVIEREN", "NISGEMEENTE": "11002", "NISDEELGEMEENTE": "11002R", "NISCODE": "R05-", "OPPERVLAKTE": 226709.4540045, "shape_Length": 2303.2419092367054, "shape_Area": 226709.45400411481 }, "geometry": { "type": "Polygon", "coordinates": [ [ [ 4.469125254201462, 51.228111693784967 ], [ 4.469123030327562, 51.228016949286456 ], [ 4.469121232240421, 51.227940315985244 ], [ 4.469140590454169, 51.227770365319195 ], [ 4.469164074672167, 51.227535937526476 ], [ 4.469185611890241, 51.227314760232311 ], [ 4.469212957684745, 51.227078917910582 ], [ 4.469226084698263, 51.226894195616566 ], [ 4.469229043352176, 51.226852505009674 ], [ 4.469245406245002, 51.226615386695286 ], [ 4.4692577661344, 51.22636095118321 ], [ 4.469269232693454, 51.22614346762267 ], [ 4.46927694612034, 51.225918221297334 ], [ 4.469271788142107, 51.225810580909865 ], [ 4.469271973171169, 51.225632053598474 ], [ 4.469258780218669, 51.225397054753735 ], [ 4.469244617081893, 51.225183260303091 ], [ 4.469224615287203, 51.224923998612795 ], [ 4.469219116897431, 51.22474512555474 ], [ 4.469203030458637, 51.224462787290548 ], [ 4.46918829347826, 51.224215160973429 ], [ 4.469176512075948, 51.224069622162425 ], [ 4.469166014069234, 51.22390859525931 ], [ 4.469158916376531, 51.223770962202451 ], [ 4.469146182145234, 51.223496153223756 ], [ 4.46912908077588, 51.223253661195471 ], [ 4.469121127735305, 51.223058107668095 ], [ 4.469118886462189, 51.222981636387289 ], [ 4.469111829474531, 51.222895677482668 ], [ 4.469102734924136, 51.222774377975234 ], [ 4.469071017241594, 51.222041842372697 ], [ 4.469025192944152, 51.221212657418413 ], [ 4.469006269278784, 51.221053354299244 ], [ 4.46895639180503, 51.220162467114314 ], [ 4.468941017077996, 51.220055464376131 ], [ 4.468925424580927, 51.219986707449564 ], [ 4.469463407494599, 51.219887851285876 ], [ 4.470405831404317, 51.219711738530911 ], [ 4.470710518332217, 51.220079288641422 ], [ 4.471345856007328, 51.220878756544792 ], [ 4.471987904723692, 51.221622594732629 ], [ 4.472281686093325, 51.221998823923208 ], [ 4.472479697467341, 51.222195441050751 ], [ 4.472718475282043, 51.222340689062079 ], [ 4.473168762615389, 51.222622650913593 ], [ 4.473734965951569, 51.222947283224258 ], [ 4.474642246665544, 51.223451301669165 ], [ 4.475228901092087, 51.223771629831717 ], [ 4.475147240967075, 51.223828699165146 ], [ 4.47494950571672, 51.223997724884562 ], [ 4.474639699487534, 51.224278190436038 ], [ 4.47455761893084, 51.224352436528754 ], [ 4.474252440369906, 51.224630487967993 ], [ 4.473759952096597, 51.225085103139875 ], [ 4.473291488123634, 51.225514122856097 ], [ 4.472486406863442, 51.226252072269318 ], [ 4.472149528273741, 51.226563924354473 ], [ 4.471793971340304, 51.226891970896908 ], [ 4.471607155167423, 51.227064333885671 ], [ 4.471451564485386, 51.227206827872799 ], [ 4.471237529000539, 51.227409981246041 ], [ 4.470841684743651, 51.227768108071139 ], [ 4.470437732896753, 51.228139759041802 ], [ 4.470054519569909, 51.228512145710788 ], [ 4.469556606661794, 51.228281555067362 ], [ 4.469125254201462, 51.228111693784967 ] ] ] } },
{ "type": "Feature", "properties": { "OBJECTID": 36383, "SECCODE": "11002R04-", "SECNAAM": "KREGLINGER", "NISGEMEENTE": "11002", "NISDEELGEMEENTE": "11002R", "NISCODE": "R04-", "OPPERVLAKTE": 131296.072029, "shape_Length": 1667.1642042539781, "shape_Area": 131296.07202917308 }, "geometry": { "type": "Polygon", "coordinates": [ [ [ 4.466529936546734, 51.227466783641972 ], [ 4.466494377001542, 51.227317471461163 ], [ 4.46645468657695, 51.227089604326828 ], [ 4.46642392476703, 51.226873216873102 ], [ 4.466399695213699, 51.226726735530612 ], [ 4.466362450099455, 51.226531143531211 ], [ 4.466323084229304, 51.22632080334445 ], [ 4.466301705844254, 51.226188808842295 ], [ 4.466280587204873, 51.226112101612635 ], [ 4.466264567329179, 51.226050220962783 ], [ 4.466234578335299, 51.225975759192785 ], [ 4.466201419540454, 51.225877894311772 ], [ 4.466167430929503, 51.225698541481428 ], [ 4.466138486382746, 51.225630451570005 ], [ 4.466019306734362, 51.225435214937711 ], [ 4.465952506319914, 51.225322277355687 ], [ 4.46576145743603, 51.225019059598736 ], [ 4.465641666988228, 51.224899810809937 ], [ 4.465480402347223, 51.224729856664581 ], [ 4.465306929981204, 51.224560523539147 ], [ 4.46515181958233, 51.224409592267037 ], [ 4.465022802965849, 51.224285119162239 ], [ 4.464820139705061, 51.22407773444084 ], [ 4.464405620614951, 51.223665874648049 ], [ 4.464166327280704, 51.223427904162286 ], [ 4.463958743590016, 51.223218598385415 ], [ 4.463829333859978, 51.223122581473817 ], [ 4.463916360901851, 51.223086836052133 ], [ 4.4640564894603, 51.223084340448693 ], [ 4.464491079005965, 51.223079034225172 ], [ 4.464689954126261, 51.223070656484126 ], [ 4.464993732688297, 51.223067495604838 ], [ 4.46533280869564, 51.223057123192291 ], [ 4.465682751344016, 51.223047945279944 ], [ 4.46606934586935, 51.223042717812653 ], [ 4.466364019425805, 51.223032262389545 ], [ 4.467103085117219, 51.223015808104194 ], [ 4.467498106987835, 51.223009103798958 ], [ 4.468005387612632, 51.222999903440865 ], [ 4.468382191482671, 51.222988357850404 ], [ 4.468986679612848, 51.222980077466701 ], [ 4.469118886462189, 51.222981636387289 ], [ 4.469121127735305, 51.223058107668095 ], [ 4.46912908077588, 51.223253661195471 ], [ 4.469146182145234, 51.223496153223756 ], [ 4.469158916376531, 51.223770962202451 ], [ 4.469166014069234, 51.22390859525931 ], [ 4.469176512075948, 51.224069622162425 ], [ 4.46918829347826, 51.224215160973429 ], [ 4.469203030458637, 51.224462787290548 ], [ 4.469219116897431, 51.22474512555474 ], [ 4.469224615287203, 51.224923998612795 ], [ 4.469244617081893, 51.225183260303091 ], [ 4.469258780218669, 51.225397054753735 ], [ 4.469271973171169, 51.225632053598474 ], [ 4.469271788142107, 51.225810580909865 ], [ 4.46927694612034, 51.225918221297334 ], [ 4.469269232693454, 51.22614346762267 ], [ 4.4692577661344, 51.22636095118321 ], [ 4.469245406245002, 51.226615386695286 ], [ 4.469229043352176, 51.226852505009674 ], [ 4.469226084698263, 51.226894195616566 ], [ 4.469212957684745, 51.227078917910582 ], [ 4.469185611890241, 51.227314760232311 ], [ 4.469164074672167, 51.227535937526476 ], [ 4.469140590454169, 51.227770365319195 ], [ 4.469121232240421, 51.227940315985244 ], [ 4.469123030327562, 51.228016949286456 ], [ 4.469125254201462, 51.228111693784967 ], [ 4.468605555819623, 51.227971127257575 ], [ 4.468019439527564, 51.227825050800917 ], [ 4.467168878221355, 51.227604526967184 ], [ 4.466529936546734, 51.227466783641972 ] ] ] } },
{ "type": "Feature", "properties": { "OBJECTID": 36385, "SECCODE": "11002R03-", "SECNAAM": "GALLIFORT", "NISGEMEENTE": "11002", "NISDEELGEMEENTE": "11002R", "NISCODE": "R03-", "OPPERVLAKTE": 281429.05827199999, "shape_Length": 2296.6322002161351, "shape_Area": 281429.05827223533 }, "geometry": { "type": "Polygon", "coordinates": [ [ [ 4.461030741820574, 51.220440072801672 ], [ 4.46123646756189, 51.220627723361098 ], [ 4.461396103269805, 51.220792435608402 ], [ 4.461592030835408, 51.220974655282063 ], [ 4.46175793059044, 51.221135559975032 ], [ 4.462050189431394, 51.221402543919915 ], [ 4.462170874123816, 51.221519989117951 ], [ 4.46249843115406, 51.221827481458007 ], [ 4.462770595765745, 51.222091297714307 ], [ 4.463162164483404, 51.222458329876076 ], [ 4.463408072055425, 51.222694850012701 ], [ 4.463504412790939, 51.222789941328486 ], [ 4.463609189490135, 51.222887317784526 ], [ 4.463829333859978, 51.223122581473817 ], [ 4.463958743590016, 51.223218598385415 ], [ 4.464166327280704, 51.223427904162286 ], [ 4.464405620614951, 51.223665874648049 ], [ 4.464820139705061, 51.22407773444084 ], [ 4.465022802965849, 51.224285119162239 ], [ 4.46515181958233, 51.224409592267037 ], [ 4.465306929981204, 51.224560523539147 ], [ 4.465480402347223, 51.224729856664581 ], [ 4.465641666988228, 51.224899810809937 ], [ 4.46576145743603, 51.225019059598736 ], [ 4.465952506319914, 51.225322277355687 ], [ 4.466019306734362, 51.225435214937711 ], [ 4.466138486382746, 51.225630451570005 ], [ 4.466167430929503, 51.225698541481428 ], [ 4.466201419540454, 51.225877894311772 ], [ 4.466234578335299, 51.225975759192785 ], [ 4.466264567329179, 51.226050220962783 ], [ 4.466280587204873, 51.226112101612635 ], [ 4.466301705844254, 51.226188808842295 ], [ 4.466323084229304, 51.22632080334445 ], [ 4.466362450099455, 51.226531143531211 ], [ 4.466399695213699, 51.226726735530612 ], [ 4.46642392476703, 51.226873216873102 ], [ 4.46645468657695, 51.227089604326828 ], [ 4.466456642818654, 51.227100829175882 ], [ 4.466494377001542, 51.227317471461163 ], [ 4.466529936546734, 51.227466783641972 ], [ 4.466511806375317, 51.227463473040267 ], [ 4.465171527003004, 51.227218740346501 ], [ 4.463969395446968, 51.227046884043801 ], [ 4.46376154615605, 51.227015476286631 ], [ 4.462082237336531, 51.226761742401031 ], [ 4.461786721424204, 51.226707174887139 ], [ 4.46176356412276, 51.226702285587763 ], [ 4.461537361911304, 51.226654583552452 ], [ 4.46065163324002, 51.226467782932062 ], [ 4.460124106557888, 51.226334960148613 ], [ 4.46010083317984, 51.226329099869211 ], [ 4.459476086673866, 51.226139884853644 ], [ 4.459430458998491, 51.226122168078604 ], [ 4.459126050882584, 51.226003936119582 ], [ 4.458945303472291, 51.225933732154409 ], [ 4.458548821875199, 51.22574012100835 ], [ 4.45841040465077, 51.225654918173603 ], [ 4.458164513950649, 51.225503552782605 ], [ 4.458158967550509, 51.225500132437297 ], [ 4.457338786220165, 51.224906371098825 ], [ 4.457203666094491, 51.224806234640504 ], [ 4.456787672845549, 51.224497904546169 ], [ 4.456813716443837, 51.224485867537304 ], [ 4.456988727368588, 51.224404984441335 ], [ 4.457323874156209, 51.224130721127892 ], [ 4.458503265521789, 51.22302114378747 ], [ 4.458932287723573, 51.222700432823906 ], [ 4.45916010761728, 51.222481048737961 ], [ 4.459280432986891, 51.222219591630541 ], [ 4.459319985577229, 51.221848592322104 ], [ 4.459531656418934, 51.220682023150566 ], [ 4.4595770252487, 51.220431993836094 ], [ 4.459589522415613, 51.220381864873531 ], [ 4.460216577716382, 51.2203513835181 ], [ 4.460592404954919, 51.220304718860007 ], [ 4.46081340280014, 51.220241698838528 ], [ 4.461030741820574, 51.220440072801672 ] ] ] } },
{ "type": "Feature", "properties": { "OBJECTID": 36388, "SECCODE": "11002R23-", "SECNAAM": "ZWARTE AREND", "NISGEMEENTE": "11002", "NISDEELGEMEENTE": "11002R", "NISCODE": "R23-", "OPPERVLAKTE": 488565.94878849998, "shape_Length": 2929.0208758507279, "shape_Area": 488565.94878743042 }, "geometry": { "type": "Polygon", "coordinates": [ [ [ 4.483426172124417, 51.220011297960568 ], [ 4.483490416464266, 51.219956504889126 ], [ 4.483543351773777, 51.219918396310646 ], [ 4.483592485676335, 51.219882682336923 ], [ 4.483660552119265, 51.21983980405448 ], [ 4.483743732498019, 51.2197852170356 ], [ 4.483819835818891, 51.219739634275477 ], [ 4.483935390694477, 51.21968465588197 ], [ 4.484132181010525, 51.219581932158356 ], [ 4.48451623280942, 51.21939612377053 ], [ 4.492580700747552, 51.221041636525293 ], [ 4.49208101152188, 51.221613518160787 ], [ 4.491843765133953, 51.221883166962023 ], [ 4.489688230635624, 51.226895970604332 ], [ 4.489624727974569, 51.226890211433918 ], [ 4.489490191203329, 51.22687802659663 ], [ 4.489440147985587, 51.226873484912993 ], [ 4.489042744128816, 51.226812240878871 ], [ 4.488312908287307, 51.226642484779575 ], [ 4.487816712736517, 51.226522768774757 ], [ 4.486038199911047, 51.226126820798036 ], [ 4.484352448334166, 51.225702108884455 ], [ 4.484042984627201, 51.225636006666342 ], [ 4.483910015890167, 51.225607598903309 ], [ 4.483668004117693, 51.225489422829526 ], [ 4.483451891379958, 51.225430121847054 ], [ 4.483282981677833, 51.22538524577687 ], [ 4.483224174346613, 51.225366786999352 ], [ 4.483126099194577, 51.225329814390868 ], [ 4.482930991714912, 51.225266429263947 ], [ 4.482494164166332, 51.225131442836307 ], [ 4.482021734730377, 51.224977200038538 ], [ 4.481366865636295, 51.224768103424211 ], [ 4.480875563584281, 51.224620067111061 ], [ 4.480689827954922, 51.224558413079073 ], [ 4.480810440719755, 51.224191203534772 ], [ 4.480963043204241, 51.2237173430333 ], [ 4.481157829573819, 51.223121038028737 ], [ 4.481194078847081, 51.222952551952901 ], [ 4.481198874257985, 51.222893664425541 ], [ 4.481202013988149, 51.22283083257777 ], [ 4.481198229280833, 51.222769436508088 ], [ 4.481185219654041, 51.222675735999964 ], [ 4.481165116125514, 51.222590284627131 ], [ 4.481138273632842, 51.222517773987384 ], [ 4.481105095246352, 51.222441431354135 ], [ 4.481044251630054, 51.222336846656859 ], [ 4.480965838642098, 51.222229483312212 ], [ 4.480868934229996, 51.222122730788655 ], [ 4.480709444831404, 51.221977864120305 ], [ 4.48055760193852, 51.221875379216428 ], [ 4.480404132655319, 51.221798602464112 ], [ 4.480161438581177, 51.221694288803825 ], [ 4.479872195458473, 51.221576949545195 ], [ 4.479716774834779, 51.221515256264396 ], [ 4.47953742843357, 51.221432094087255 ], [ 4.47935511232857, 51.221351801729192 ], [ 4.479254220495496, 51.221299278590301 ], [ 4.479204934412161, 51.221273168700684 ], [ 4.479412109102698, 51.221214234612788 ], [ 4.479961175646631, 51.221049246589629 ], [ 4.480079887896655, 51.22100645727658 ], [ 4.480790344571211, 51.219538354056162 ], [ 4.480817123632641, 51.21948494640494 ], [ 4.480910385570554, 51.219502411774535 ], [ 4.483426172124417, 51.220011297960568 ] ] ] } },
{ "type": "Feature", "properties": { "OBJECTID": 36391, "SECCODE": "11002R22-", "SECNAAM": "ERTBRUGGE", "NISGEMEENTE": "11002", "NISDEELGEMEENTE": "11002R", "NISCODE": "R22-", "OPPERVLAKTE": 130218.81053449999, "shape_Length": 1474.8362476820973, "shape_Area": 130218.81053476097 }, "geometry": { "type": "Polygon", "coordinates": [ [ [ 4.47912060425195, 51.225938220600028 ], [ 4.478856009028823, 51.225841978567296 ], [ 4.477508864943614, 51.225083427394402 ], [ 4.475228901092087, 51.223771629831717 ], [ 4.475405199827223, 51.223649605383862 ], [ 4.475570444469033, 51.223532624213938 ], [ 4.475806162053819, 51.22338091040406 ], [ 4.476112723471126, 51.223188261199113 ], [ 4.476295588156384, 51.223072557216589 ], [ 4.476603494020379, 51.222881190821191 ], [ 4.476883740979321, 51.222701219378941 ], [ 4.477026817321256, 51.22261950898897 ], [ 4.477121869669614, 51.222561976555184 ], [ 4.477855356888631, 51.222108165990633 ], [ 4.478857494015148, 51.221473342747807 ], [ 4.479204934412161, 51.221273168700684 ], [ 4.479254220495496, 51.221299278590301 ], [ 4.47935511232857, 51.221351801729192 ], [ 4.47953742843357, 51.221432094087255 ], [ 4.479716774834779, 51.221515256264396 ], [ 4.479872195458473, 51.221576949545195 ], [ 4.480161438581177, 51.221694288803825 ], [ 4.480404132655319, 51.221798602464112 ], [ 4.48055760193852, 51.221875379216428 ], [ 4.480709444831404, 51.221977864120305 ], [ 4.480868934229996, 51.222122730788655 ], [ 4.480965838642098, 51.222229483312212 ], [ 4.481044251630054, 51.222336846656859 ], [ 4.481105095246352, 51.222441431354135 ], [ 4.481138273632842, 51.222517773987384 ], [ 4.481165116125514, 51.222590284627131 ], [ 4.481185219654041, 51.222675735999964 ], [ 4.481198229280833, 51.222769436508088 ], [ 4.481202013988149, 51.22283083257777 ], [ 4.481198874257985, 51.222893664425541 ], [ 4.481194078847081, 51.222952551952901 ], [ 4.481157829573819, 51.223121038028737 ], [ 4.480963043204241, 51.2237173430333 ], [ 4.480810440719755, 51.224191203534772 ], [ 4.480689827954922, 51.224558413079073 ], [ 4.480646752756559, 51.22468753627286 ], [ 4.480613235695491, 51.224797334312377 ], [ 4.480589432850646, 51.224899051526158 ], [ 4.480566514039668, 51.224993442358581 ], [ 4.480555338296074, 51.225060326552217 ], [ 4.480554108453372, 51.225108289726776 ], [ 4.480556247954712, 51.225152564458632 ], [ 4.480556863803089, 51.225194225020317 ], [ 4.480564748191834, 51.225240453752065 ], [ 4.480574044882042, 51.225278735409887 ], [ 4.480590017305743, 51.225330987645926 ], [ 4.480609903145191, 51.225379577883118 ], [ 4.48063983073726, 51.225442971407183 ], [ 4.480676017289793, 51.225507752160539 ], [ 4.48072167599385, 51.22557075316621 ], [ 4.480804227164579, 51.225658769598155 ], [ 4.480909033279072, 51.225762521362434 ], [ 4.481018915715079, 51.22585792696524 ], [ 4.480822559695199, 51.225923172257509 ], [ 4.480630801281785, 51.225942266509307 ], [ 4.480285548918967, 51.225939376834354 ], [ 4.479971016029264, 51.225936394164258 ], [ 4.47912060425195, 51.225938220600028 ] ] ] } },
{ "type": "Feature", "properties": { "OBJECTID": 36397, "SECCODE": "11002R01-", "SECNAAM": "PLANKENBERG", "NISGEMEENTE": "11002", "NISDEELGEMEENTE": "11002R", "NISCODE": "R01-", "OPPERVLAKTE": 180303.9127595, "shape_Length": 1802.1017819908941, "shape_Area": 180303.91276000577 }, "geometry": { "type": "Polygon", "coordinates": [ [ [ 4.463022078050772, 51.219493719835491 ], [ 4.463026078946578, 51.219342846349775 ], [ 4.466678909350557, 51.219383422716099 ], [ 4.466671270116336, 51.219892819607615 ], [ 4.46669165802185, 51.22003108909523 ], [ 4.468090266302531, 51.220016188825539 ], [ 4.468925424580927, 51.219986707449564 ], [ 4.468941017077996, 51.220055464376131 ], [ 4.46895639180503, 51.220162467114314 ], [ 4.469006269278784, 51.221053354299244 ], [ 4.469025192944152, 51.221212657418413 ], [ 4.469071017241594, 51.222041842372697 ], [ 4.469102734924136, 51.222774377975234 ], [ 4.469111829474531, 51.222895677482668 ], [ 4.469118886462189, 51.222981636387289 ], [ 4.468986679612848, 51.222980077466701 ], [ 4.468382191482671, 51.222988357850404 ], [ 4.468005387612632, 51.222999903440865 ], [ 4.467498106987835, 51.223009103798958 ], [ 4.467103085117219, 51.223015808104194 ], [ 4.466364019425805, 51.223032262389545 ], [ 4.46606934586935, 51.223042717812653 ], [ 4.465682751344016, 51.223047945279944 ], [ 4.46533280869564, 51.223057123192291 ], [ 4.464993732688297, 51.223067495604838 ], [ 4.464689954126261, 51.223070656484126 ], [ 4.464491079005965, 51.223079034225172 ], [ 4.4640564894603, 51.223084340448693 ], [ 4.463916360901851, 51.223086836052133 ], [ 4.463829333859978, 51.223122581473817 ], [ 4.463609189490135, 51.222887317784526 ], [ 4.463504412790939, 51.222789941328486 ], [ 4.463408072055425, 51.222694850012701 ], [ 4.463162164483404, 51.222458329876076 ], [ 4.462770595765745, 51.222091297714307 ], [ 4.46249843115406, 51.221827481458007 ], [ 4.462170874123816, 51.221519989117951 ], [ 4.462050189431394, 51.221402543919915 ], [ 4.46175793059044, 51.221135559975032 ], [ 4.461592030835408, 51.220974655282063 ], [ 4.461396103269805, 51.220792435608402 ], [ 4.46123646756189, 51.220627723361098 ], [ 4.461030741820574, 51.220440072801672 ], [ 4.46081340280014, 51.220241698838528 ], [ 4.461082704005913, 51.220127127912455 ], [ 4.461522088471074, 51.219956918694251 ], [ 4.461681219417659, 51.219927904091094 ], [ 4.461887780593743, 51.219890384573745 ], [ 4.46202148727673, 51.219873604916174 ], [ 4.4621927500085, 51.219863374719608 ], [ 4.462435314389704, 51.219864574554641 ], [ 4.462656253905553, 51.219880882714136 ], [ 4.463026089296457, 51.219924197943769 ], [ 4.463022078050772, 51.219493719835491 ] ] ] } },
{ "type": "Feature", "properties": { "OBJECTID": 36415, "SECCODE": "11002R39-", "SECNAAM": "BOTERLAARHOF", "NISGEMEENTE": "11002", "NISDEELGEMEENTE": "11002R", "NISCODE": "R39-", "OPPERVLAKTE": 221462.07620499999, "shape_Length": 2423.9050981042519, "shape_Area": 221462.07620546059 }, "geometry": { "type": "Polygon", "coordinates": [ [ [ 4.478775289328586, 51.213274220471547 ], [ 4.478542830988481, 51.21331418475345 ], [ 4.478270345187121, 51.213354464541119 ], [ 4.478063374894472, 51.213388786350045 ], [ 4.477924103365779, 51.213408294899835 ], [ 4.477722465842005, 51.213428427424581 ], [ 4.477666792417108, 51.213432973266563 ], [ 4.477591875469471, 51.213433465158097 ], [ 4.477474470373235, 51.213428378569937 ], [ 4.477351913825055, 51.213417391234387 ], [ 4.477223964587481, 51.213401357258277 ], [ 4.477175434335388, 51.213394525918574 ], [ 4.477093120358389, 51.213383501164088 ], [ 4.476968983935589, 51.213369998130446 ], [ 4.476837219622053, 51.213344133916351 ], [ 4.47666943509019, 51.213312271421778 ], [ 4.476520675284481, 51.213288813387805 ], [ 4.47637526629435, 51.213260012973521 ], [ 4.476254895071282, 51.213228385080093 ], [ 4.476084617648829, 51.213182609957983 ], [ 4.476028018064217, 51.213170302582384 ], [ 4.475972779020123, 51.213164600428506 ], [ 4.475902763004712, 51.213155388268099 ], [ 4.475718257033487, 51.213145022005776 ], [ 4.475643787797387, 51.213140883217797 ], [ 4.475442275844292, 51.213122244673954 ], [ 4.475424169666467, 51.213120993751559 ], [ 4.475378983773635, 51.21311823039234 ], [ 4.475279698891789, 51.213113826270735 ], [ 4.475166746282278, 51.213102827958913 ], [ 4.474867700832191, 51.213063216887136 ], [ 4.474645353933309, 51.213032515366606 ], [ 4.474524989600691, 51.213003132810151 ], [ 4.474454507756786, 51.212983961038574 ], [ 4.47435136213408, 51.212955677371568 ], [ 4.474120455058502, 51.212892129872181 ], [ 4.4739087536069, 51.212815918014009 ], [ 4.473814982552472, 51.212781450436552 ], [ 4.473743136365349, 51.212753560689151 ], [ 4.473690764680647, 51.212730857795812 ], [ 4.473593390215855, 51.21268487909024 ], [ 4.473487028252979, 51.21261967309146 ], [ 4.47344808346445, 51.212598360308803 ], [ 4.473369438211541, 51.212531574492644 ], [ 4.473287585051281, 51.212425610934254 ], [ 4.473250756099307, 51.212352477931269 ], [ 4.473189054308608, 51.212259835188377 ], [ 4.47314239956023, 51.212195411680959 ], [ 4.473122669967493, 51.212172113240698 ], [ 4.473094878173715, 51.21214644002773 ], [ 4.473047837912681, 51.21210772372131 ], [ 4.472930012493592, 51.212015831762891 ], [ 4.472863723054386, 51.211969968680251 ], [ 4.472802602870299, 51.211931822038125 ], [ 4.472618104689517, 51.211820331129573 ], [ 4.472506555586367, 51.211737844072069 ], [ 4.472454584943254, 51.211695338763953 ], [ 4.472442024963368, 51.211678217912457 ], [ 4.472438648962306, 51.211665996632092 ], [ 4.472601255705779, 51.211268843061639 ], [ 4.472745834381253, 51.211288561566462 ], [ 4.473767750529775, 51.211395962739218 ], [ 4.47455229862175, 51.211431796546599 ], [ 4.475328435244196, 51.211431094818195 ], [ 4.476033727767056, 51.211389995804126 ], [ 4.476809683247894, 51.211305773018879 ], [ 4.478009393323097, 51.211136588611794 ], [ 4.478166936295779, 51.211130905103445 ], [ 4.479258322623663, 51.210919662094334 ], [ 4.479620951664811, 51.210857093514441 ], [ 4.479979503752577, 51.210795534384118 ], [ 4.480516767105122, 51.21070115830242 ], [ 4.48070708787475, 51.210669697349459 ], [ 4.480880219372386, 51.210643106249528 ], [ 4.481055070476996, 51.210617582875344 ], [ 4.481235064386894, 51.210594391311027 ], [ 4.481418435452795, 51.21057125915285 ], [ 4.481602420160548, 51.210547505918569 ], [ 4.481968783987586, 51.210510777268262 ], [ 4.482151185524414, 51.210495231143916 ], [ 4.482347798067241, 51.210480174351709 ], [ 4.482529646170976, 51.210472457103521 ], [ 4.482698731452757, 51.21046548900491 ], [ 4.482891130711857, 51.210459693480935 ], [ 4.483137898352463, 51.210455678369406 ], [ 4.48318077672497, 51.210533206800278 ], [ 4.483265431187521, 51.210589445851241 ], [ 4.483268360176549, 51.210686068650894 ], [ 4.483530077507207, 51.210824289085629 ], [ 4.483563471588283, 51.210856560887045 ], [ 4.483512297577984, 51.210867846417671 ], [ 4.48342266026461, 51.210874396611011 ], [ 4.483402157576555, 51.210904887402506 ], [ 4.483453395592949, 51.210919443599444 ], [ 4.48355094282025, 51.210940282396159 ], [ 4.483612425756509, 51.21093698647713 ], [ 4.483661106447939, 51.210912786964975 ], [ 4.483709811094208, 51.210898267950462 ], [ 4.483817418439441, 51.210919087696617 ], [ 4.483909460433973, 51.211068295382802 ], [ 4.483981567675444, 51.211113445493957 ], [ 4.484063964142392, 51.211158585463963 ], [ 4.48410529104766, 51.211232843273997 ], [ 4.484151731346721, 51.211297397529258 ], [ 4.484203243068112, 51.211329651350944 ], [ 4.484203315459006, 51.21135871986457 ], [ 4.484162245636899, 51.211387837780862 ], [ 4.484110911756343, 51.211421316159573 ], [ 4.484127323971537, 51.211817348234952 ], [ 4.484175804012723, 51.211890475424966 ], [ 4.484213233137663, 51.211927794564083 ], [ 4.484229732317321, 51.212088302693211 ], [ 4.484248971869557, 51.212182662277911 ], [ 4.484230102466302, 51.212236899017803 ], [ 4.484246168147636, 51.212315244339131 ], [ 4.484243228287416, 51.212387442275258 ], [ 4.484224100069134, 51.212429733644875 ], [ 4.484185737910288, 51.212471900091231 ], [ 4.484176445220966, 51.212510110032433 ], [ 4.484211599012147, 51.212530020816331 ], [ 4.484285220329072, 51.212550028602777 ], [ 4.48435546889847, 51.212566111718949 ], [ 4.484377901700028, 51.212592219003987 ], [ 4.484384479378235, 51.212630269528546 ], [ 4.484384574662733, 51.212668470245809 ], [ 4.48440390399108, 51.21271254844217 ], [ 4.484435953696577, 51.212738637261452 ], [ 4.484480684999825, 51.212742673963632 ], [ 4.484528590324138, 51.21276270691974 ], [ 4.48452550149756, 51.212780821640678 ], [ 4.484496746025133, 51.212818915949065 ], [ 4.484464840935879, 51.212845067733831 ], [ 4.484439418602409, 51.21287121312789 ], [ 4.484420250084923, 51.212897361349221 ], [ 4.484433045871722, 51.212915325604229 ], [ 4.484471499021944, 51.21291528774475 ], [ 4.484506573614824, 51.212903307583609 ], [ 4.484573617431508, 51.212885129848097 ], [ 4.484634403222646, 51.212871021013846 ], [ 4.484688727010816, 51.212870967432536 ], [ 4.48472392089964, 51.21290099000074 ], [ 4.48471438940745, 51.212935128457225 ], [ 4.484682530469426, 51.212985441140582 ], [ 4.48459971585236, 51.213043659940972 ], [ 4.484558239036512, 51.21308794184813 ], [ 4.484536040860332, 51.213150181595765 ], [ 4.484564798074982, 51.213204371434209 ], [ 4.484616293462214, 51.213320747730279 ], [ 4.484603597855788, 51.213342943676551 ], [ 4.484561980100279, 51.21333091324427 ], [ 4.484440465850251, 51.213290863665641 ], [ 4.484373326121705, 51.213270840615081 ], [ 4.484302882886631, 51.213268950425764 ], [ 4.484213509596733, 51.213297127096396 ], [ 4.484159270979995, 51.213337340652487 ], [ 4.484133729010507, 51.213407592286941 ], [ 4.484121117030774, 51.213457742094775 ], [ 4.484076440304181, 51.213475906608785 ], [ 4.484018997432445, 51.213488043408269 ], [ 4.483932807551677, 51.213536296878047 ], [ 4.483865632634187, 51.213588603414166 ], [ 4.483705116773952, 51.21349502028194 ], [ 4.48355983306188, 51.213466857769163 ], [ 4.483439711688421, 51.213492133662832 ], [ 4.483334763194571, 51.213570857778798 ], [ 4.483224806710226, 51.213655878573221 ], [ 4.483154913043116, 51.21373771431734 ], [ 4.483099969423731, 51.213794385865981 ], [ 4.48307505688654, 51.213847873238514 ], [ 4.483100225432058, 51.213898165933671 ], [ 4.483190434468182, 51.213929528603238 ], [ 4.483315676039234, 51.213954565159895 ], [ 4.483390835291658, 51.213976504505233 ], [ 4.483435978872857, 51.21400791094225 ], [ 4.483431147678464, 51.214073962575149 ], [ 4.483381236229631, 51.214140058189379 ], [ 4.483276170848018, 51.214177894021169 ], [ 4.4830658379693, 51.214171815915549 ], [ 4.482835398612854, 51.214131151538766 ], [ 4.482695083689697, 51.214087253408437 ], [ 4.482584729797646, 51.214005592699195 ], [ 4.48234925196759, 51.213952357453067 ], [ 4.482088822511311, 51.213936888187817 ], [ 4.481778401925166, 51.213949761996815 ], [ 4.481776587980026, 51.214139032917387 ], [ 4.48146309085435, 51.214299777353631 ], [ 4.480590429076637, 51.214452551472043 ], [ 4.480331068387681, 51.21471548459661 ], [ 4.480070084767945, 51.214303954712747 ], [ 4.479514618856003, 51.213644208292692 ], [ 4.478943242245801, 51.21323189836653 ], [ 4.478775289328586, 51.213274220471547 ] ] ] } },
{ "type": "Feature", "properties": { "OBJECTID": 36419, "SECCODE": "11002R31-", "SECNAAM": "DRIEKONINGEN", "NISGEMEENTE": "11002", "NISDEELGEMEENTE": "11002R", "NISCODE": "R31-", "OPPERVLAKTE": 513823.97576300002, "shape_Length": 3590.8228857041231, "shape_Area": 513823.97576350701 }, "geometry": { "type": "Polygon", "coordinates": [ [ [ 4.478166936295779, 51.211130905103445 ], [ 4.478009393323097, 51.211136588611794 ], [ 4.476809683247894, 51.211305773018879 ], [ 4.476033727767056, 51.211389995804126 ], [ 4.475328435244196, 51.211431094818195 ], [ 4.47455229862175, 51.211431796546599 ], [ 4.473767750529775, 51.211395962739218 ], [ 4.472745834381253, 51.211288561566462 ], [ 4.472601255705779, 51.211268843061639 ], [ 4.471623950058713, 51.211135568973745 ], [ 4.470768483857878, 51.211007124643302 ], [ 4.469754809163875, 51.210859242516911 ], [ 4.469182310918007, 51.210784833050845 ], [ 4.468928812902648, 51.210748358858595 ], [ 4.468066959004061, 51.210657328245503 ], [ 4.467234154883976, 51.210605195872404 ], [ 4.466701834082092, 51.210599295436367 ], [ 4.466152851863163, 51.210611634966632 ], [ 4.465694787752747, 51.210640552450322 ], [ 4.465217830973845, 51.210695649006468 ], [ 4.464771197241317, 51.210764983469502 ], [ 4.464377601031804, 51.210843782797561 ], [ 4.464036816789113, 51.210926735541342 ], [ 4.463918550623513, 51.210638159112939 ], [ 4.463846439315324, 51.210469720459336 ], [ 4.463698095536061, 51.210132136236574 ], [ 4.463591166961243, 51.209689883977177 ], [ 4.463621373146011, 51.209647047655722 ], [ 4.463655268459176, 51.209553998954071 ], [ 4.463619585680088, 51.209137827352542 ], [ 4.463602286878914, 51.208922064960156 ], [ 4.46355700211409, 51.208358508604377 ], [ 4.463551831770314, 51.208335277670194 ], [ 4.463510386801127, 51.208262990174028 ], [ 4.463708154137424, 51.208177763734263 ], [ 4.464045556055821, 51.208032174151271 ], [ 4.464323170070107, 51.207906631577892 ], [ 4.4645616334112, 51.207802306066519 ], [ 4.464988654901235, 51.20761152758466 ], [ 4.465475651405529, 51.207383872487213 ], [ 4.465417163785101, 51.207319230862296 ], [ 4.465351503820303, 51.207177384395521 ], [ 4.465277352054986, 51.207025342987187 ], [ 4.465198128282372, 51.20685614675434 ], [ 4.465088659894177, 51.206626914507851 ], [ 4.46500441845945, 51.206445578850548 ], [ 4.464931769581978, 51.206292655083914 ], [ 4.464874185414636, 51.206172805393415 ], [ 4.464809000324125, 51.206030679534123 ], [ 4.46444889574315, 51.205270587067069 ], [ 4.464376863557725, 51.205137374058303 ], [ 4.464315197531473, 51.205007289526598 ], [ 4.463906868257713, 51.204145934528029 ], [ 4.463634716671184, 51.203589122487472 ], [ 4.463606205543552, 51.203507584304717 ], [ 4.463599360193087, 51.203364871154633 ], [ 4.463649192171048, 51.203217042682738 ], [ 4.463741374414674, 51.203027086964603 ], [ 4.463852807870132, 51.202882848826491 ], [ 4.463966868052025, 51.202749996818547 ], [ 4.464037285159651, 51.202670832244621 ], [ 4.464550530143219, 51.202691213638509 ], [ 4.465494131970107, 51.20267483555714 ], [ 4.466992136261472, 51.202574790009372 ], [ 4.467256216774829, 51.202556420967014 ], [ 4.467521813459234, 51.202537942196912 ], [ 4.468167448525463, 51.202532201778212 ], [ 4.468614542210944, 51.202589024794179 ], [ 4.468987230026055, 51.202682303947086 ], [ 4.469268924553383, 51.202796468156592 ], [ 4.469442952385626, 51.202889924804154 ], [ 4.469708239515533, 51.20307689954592 ], [ 4.469907377197718, 51.203300333948327 ], [ 4.470056981957887, 51.203575808967365 ], [ 4.470813732124128, 51.205161183933548 ], [ 4.471071651656578, 51.205748570288783 ], [ 4.472601272382679, 51.208633290544995 ], [ 4.472800788924837, 51.209002313992642 ], [ 4.47294201513368, 51.209220598787965 ], [ 4.473248818165565, 51.209443931488657 ], [ 4.473555591378047, 51.209646455176738 ], [ 4.474011435062035, 51.209874857064811 ], [ 4.474442277503155, 51.210025269067891 ], [ 4.474955870176327, 51.21016000976207 ], [ 4.475502507306199, 51.210263519340543 ], [ 4.476239700880901, 51.210429249855032 ], [ 4.477142737291003, 51.210704023304601 ], [ 4.477590227662033, 51.210885616271526 ], [ 4.478166936295779, 51.211130905103445 ] ] ] } },
{ "type": "Feature", "properties": { "OBJECTID": 36420, "SECCODE": "11002R44-", "SECNAAM": "BOTERLAAR - SILSBURG", "NISGEMEENTE": "11002", "NISDEELGEMEENTE": "11002R", "NISCODE": "R44-", "OPPERVLAKTE": 561478.58424899995, "shape_Length": 3243.5812823357273, "shape_Area": 561478.58424898132 }, "geometry": { "type": "Polygon", "coordinates": [ [ [ 4.478166936295779, 51.211130905103445 ], [ 4.477590227662033, 51.210885616271526 ], [ 4.477142737291003, 51.210704023304601 ], [ 4.476239700880901, 51.210429249855032 ], [ 4.475502507306199, 51.210263519340543 ], [ 4.474955870176327, 51.21016000976207 ], [ 4.474442277503155, 51.210025269067891 ], [ 4.474011435062035, 51.209874857064811 ], [ 4.473555591378047, 51.209646455176738 ], [ 4.473248818165565, 51.209443931488657 ], [ 4.47294201513368, 51.209220598787965 ], [ 4.472800788924837, 51.209002313992642 ], [ 4.472601272382679, 51.208633290544995 ], [ 4.471071651656578, 51.205748570288783 ], [ 4.471169875424246, 51.205733330121674 ], [ 4.471882791477873, 51.205631559056854 ], [ 4.472317744051854, 51.205573722041414 ], [ 4.472555708347532, 51.205547337541063 ], [ 4.472868736296887, 51.205508724653086 ], [ 4.473261869943613, 51.20545413909776 ], [ 4.47353541715727, 51.205420853771614 ], [ 4.473806816505654, 51.205380729523064 ], [ 4.474049220725929, 51.205350733671708 ], [ 4.474297116062398, 51.205319402096606 ], [ 4.47447046974362, 51.205296963790403 ], [ 4.474849813222064, 51.205251625486817 ], [ 4.475263105387957, 51.205204286707705 ], [ 4.475566167870631, 51.205170906983263 ], [ 4.47586686014288, 51.205139874628543 ], [ 4.476296821298654, 51.205099420156571 ], [ 4.476502690159561, 51.205080499524897 ], [ 4.476646712281263, 51.205059208486787 ], [ 4.476829482993758, 51.205014017282927 ], [ 4.477038005145206, 51.204955148597278 ], [ 4.477295237686501, 51.204874051035347 ], [ 4.477764322248563, 51.204721415122101 ], [ 4.478195574704906, 51.204587832160435 ], [ 4.478467966903277, 51.20451148178455 ], [ 4.478785786759612, 51.204435079241421 ], [ 4.479179335831871, 51.204363359561469 ], [ 4.479497221715262, 51.204315502367898 ], [ 4.479936288347565, 51.20428179435509 ], [ 4.480761480773475, 51.204214918290411 ], [ 4.481232495672816, 51.204175305530619 ], [ 4.481447179592239, 51.204147613078284 ], [ 4.481547065917876, 51.204136299620536 ], [ 4.481696219398764, 51.204109110051647 ], [ 4.481936347487609, 51.204018949442442 ], [ 4.482159863468915, 51.203940696106635 ], [ 4.482333861206675, 51.203881078358961 ], [ 4.482586236637281, 51.203797583000714 ], [ 4.482699857928162, 51.203908633092169 ], [ 4.482729766827666, 51.203980511728396 ], [ 4.482763938452323, 51.204057725361146 ], [ 4.482806308065729, 51.204105574727308 ], [ 4.482874343820955, 51.204134855964554 ], [ 4.482908242040965, 51.204188052664279 ], [ 4.482976075025537, 51.204227877497203 ], [ 4.483090645133591, 51.204270317396904 ], [ 4.483307360112963, 51.204485829200408 ], [ 4.483362386972609, 51.204496310001943 ], [ 4.483442883966468, 51.204501570589976 ], [ 4.483540379135766, 51.204506805528354 ], [ 4.483629380793158, 51.204520066392675 ], [ 4.483739611442751, 51.204519958560084 ], [ 4.483841282328603, 51.204501181001618 ], [ 4.483925982867847, 51.204487893961371 ], [ 4.483981237761277, 51.204503713393379 ], [ 4.484036384203314, 51.204562219075605 ], [ 4.484078898594177, 51.204575525206543 ], [ 4.484150929900871, 51.204594132487877 ], [ 4.48417220284858, 51.204609976213526 ], [ 4.484159548207904, 51.204642014506284 ], [ 4.484176591558684, 51.204665871097816 ], [ 4.484282370666517, 51.204676445415835 ], [ 4.484329140425572, 51.20469774699589 ], [ 4.484329219897466, 51.204729628963378 ], [ 4.484308026276998, 51.204745658245606 ], [ 4.484265820385467, 51.204764377754906 ], [ 4.484253157750769, 51.204798941819078 ], [ 4.484257619684441, 51.204884183924243 ], [ 4.484261975269781, 51.204926730979352 ], [ 4.484317003222395, 51.204937355149582 ], [ 4.484410248825919, 51.204947932691361 ], [ 4.484511981314828, 51.204947832504544 ], [ 4.484575500522197, 51.204960973943521 ], [ 4.484613799174011, 51.20498762290034 ], [ 4.48460962257901, 51.205016839490582 ], [ 4.484567235255123, 51.205048898148142 ], [ 4.484575806444706, 51.205083441311082 ], [ 4.484643864754448, 51.205120730210062 ], [ 4.484686257286526, 51.205176587573874 ], [ 4.484728818781921, 51.205208427610508 ], [ 4.484737398088291, 51.205240436008303 ], [ 4.484711994461597, 51.205272343121649 ], [ 4.484686550173858, 51.205293724792135 ], [ 4.484656803820652, 51.205288414998918 ], [ 4.48461026126535, 51.205272443480581 ], [ 4.484546721286536, 51.205251158544449 ], [ 4.484495753571817, 51.205256547903851 ], [ 4.48444932432399, 51.205285949915691 ], [ 4.484432479611407, 51.20534185669441 ], [ 4.48442416642155, 51.205416442061072 ], [ 4.484428635050655, 51.205504218876371 ], [ 4.484470928115511, 51.20552018566179 ], [ 4.484538946665269, 51.205541331396695 ], [ 4.484615302622713, 51.205589281420025 ], [ 4.484645128852536, 51.205626473179287 ], [ 4.484628304266645, 51.205690388668145 ], [ 4.484607115678243, 51.205714291875303 ], [ 4.484560458080236, 51.205738355010915 ], [ 4.48462438068321, 51.205820868881162 ], [ 4.484739102715665, 51.205921875751066 ], [ 4.484794178336979, 51.205951033832378 ], [ 4.484866191997268, 51.205961631979235 ], [ 4.484862002485643, 51.205985662244856 ], [ 4.484832524687885, 51.205996360659938 ], [ 4.484777332849413, 51.206012279785682 ], [ 4.484739375706217, 51.206031004246881 ], [ 4.48475623192414, 51.206065530216698 ], [ 4.48479029525896, 51.206097522426056 ], [ 4.484811602520566, 51.20612671384113 ], [ 4.484845463712314, 51.20616937552235 ], [ 4.484845563569645, 51.206209257170862 ], [ 4.484828954644773, 51.206267842310886 ], [ 4.484866978798627, 51.206275813448698 ], [ 4.48495169528835, 51.206267720992884 ], [ 4.484998479973984, 51.20629421760529 ], [ 4.485007106519249, 51.206344912907646 ], [ 4.485045124070768, 51.206350214425399 ], [ 4.485146852915372, 51.206347444129733 ], [ 4.485214597461209, 51.206350046573213 ], [ 4.485231649578284, 51.206371233420171 ], [ 4.485231769885158, 51.206419123752489 ], [ 4.485227607299795, 51.206453814299543 ], [ 4.485257414447354, 51.206482997204773 ], [ 4.485299668444807, 51.206482955301951 ], [ 4.485359156114593, 51.206490904990105 ], [ 4.485431244269924, 51.206530724161098 ], [ 4.485490698408387, 51.206610572408231 ], [ 4.485499311741636, 51.206655784729335 ], [ 4.485516523108172, 51.206745795913946 ], [ 4.48541352876931, 51.206774832024742 ], [ 4.48543064333323, 51.206820737006247 ], [ 4.485444816644655, 51.206857800274051 ], [ 4.485425164113272, 51.206866673408925 ], [ 4.485354766515963, 51.206879102401125 ], [ 4.485180707320874, 51.207008340095364 ], [ 4.485127084175398, 51.207022576983377 ], [ 4.485104798848623, 51.207054337254924 ], [ 4.48517798033345, 51.207079126808473 ], [ 4.485220301183243, 51.207105483933326 ], [ 4.485186611937839, 51.207137399337221 ], [ 4.485110730969318, 51.207188735607353 ], [ 4.485096716213435, 51.207220496673429 ], [ 4.48507421647345, 51.207252391975608 ], [ 4.485034893301353, 51.207263109169531 ], [ 4.485004033781489, 51.207259490395714 ], [ 4.484981405457502, 51.207240124704825 ], [ 4.4849167058421, 51.20720831565874 ], [ 4.484880019644848, 51.207197817463616 ], [ 4.484834846893516, 51.207192522962814 ], [ 4.484800732368329, 51.207231881108051 ], [ 4.484782231497099, 51.207255071590062 ], [ 4.484785141525469, 51.207257181001026 ], [ 4.484781872627574, 51.207288922428241 ], [ 4.484780991534493, 51.207297066829369 ], [ 4.484809946223964, 51.207340011988911 ], [ 4.484890109197607, 51.207386987292196 ], [ 4.484954368406568, 51.207425681934886 ], [ 4.484950597617736, 51.207434116824757 ], [ 4.484830124048624, 51.207540829859205 ], [ 4.484827745143075, 51.207573693960519 ], [ 4.484933391778921, 51.207620077781819 ], [ 4.485011223770629, 51.207718738853622 ], [ 4.485130241852405, 51.207744741453773 ], [ 4.485233308061159, 51.207834523763985 ], [ 4.485270297198708, 51.207874233986871 ], [ 4.485343021437989, 51.20789873625494 ], [ 4.485408825376902, 51.207925357632568 ], [ 4.485474266235585, 51.207989613943511 ], [ 4.48553370675431, 51.208063287079376 ], [ 4.48552434990118, 51.208075233029419 ], [ 4.485510490886817, 51.20807791636814 ], [ 4.48544721823327, 51.208079246590344 ], [ 4.485403871741314, 51.208089257811473 ], [ 4.48538645869476, 51.208101211747675 ], [ 4.485372400918076, 51.208110214142309 ], [ 4.485204943684997, 51.208203500475165 ], [ 4.485090410955772, 51.20818057654855 ], [ 4.485013572104235, 51.208210143676283 ], [ 4.484967145537236, 51.208241658136451 ], [ 4.484970987723032, 51.20825597292388 ], [ 4.485100057645338, 51.208284077891882 ], [ 4.48512355275545, 51.208289393760367 ], [ 4.485222225089538, 51.208315695052733 ], [ 4.485221790467763, 51.208324962566635 ], [ 4.485217112878841, 51.208331295065555 ], [ 4.485212235074337, 51.208343371376721 ], [ 4.48521180399505, 51.208354050072224 ], [ 4.485238805271589, 51.208422137715843 ], [ 4.485244887257855, 51.208439407470244 ], [ 4.485267266303834, 51.208444715427852 ], [ 4.485286699073633, 51.208439222197093 ], [ 4.485312822469179, 51.208425569810622 ], [ 4.485329123407329, 51.208415163002122 ], [ 4.485353708614363, 51.208410087105264 ], [ 4.485453456645054, 51.208425852683447 ], [ 4.4855206047125, 51.208451771560917 ], [ 4.485526253670558, 51.20847887508539 ], [ 4.4855166681205, 51.208490956086678 ], [ 4.485419355057764, 51.208555805469842 ], [ 4.485407742646154, 51.20856423916733 ], [ 4.485314270178623, 51.208642836962774 ], [ 4.485307344193399, 51.208648461607943 ], [ 4.485234058804607, 51.208668758266519 ], [ 4.485189111441186, 51.208662627754279 ], [ 4.48518350865943, 51.208659541282429 ], [ 4.485138689559256, 51.208618993886112 ], [ 4.485091479111497, 51.208606268062972 ], [ 4.485075618344723, 51.20860965443017 ], [ 4.48506176618086, 51.208615142102168 ], [ 4.485047291496282, 51.208640575737611 ], [ 4.485056605506195, 51.208697022911998 ], [ 4.485040585506209, 51.208728219665304 ], [ 4.48497173088105, 51.208729411340663 ], [ 4.484948230295352, 51.208721992153222 ], [ 4.484902552781862, 51.208698586472472 ], [ 4.484812914545182, 51.208703025447321 ], [ 4.484795917649055, 51.208704165788973 ], [ 4.484770472454212, 51.208720199326422 ], [ 4.484769436788265, 51.20875236098685 ], [ 4.484777328435307, 51.20877806013263 ], [ 4.484837671872257, 51.208858051577266 ], [ 4.484857593119709, 51.208870390999444 ], [ 4.484885792877863, 51.208965721484688 ], [ 4.484882497664223, 51.208992690058487 ], [ 4.484877483639236, 51.209041852786065 ], [ 4.48488156867289, 51.209067411868915 ], [ 4.484900649255399, 51.209098286274291 ], [ 4.484922402487635, 51.209122138063542 ], [ 4.484960788180437, 51.209182070969838 ], [ 4.484978942363895, 51.20920297809942 ], [ 4.485003500372907, 51.209272479375862 ], [ 4.485008451916786, 51.20928975025506 ], [ 4.485016714316106, 51.209371905390768 ], [ 4.484999520136588, 51.209380065926176 ], [ 4.484865042906609, 51.2094338508672 ], [ 4.48484784901533, 51.209442146206591 ], [ 4.484753799976073, 51.209474399716733 ], [ 4.484701497919138, 51.209480212925271 ], [ 4.484681151894087, 51.20948121273949 ], [ 4.484621000614525, 51.209478323860267 ], [ 4.484588375150935, 51.209484396256315 ], [ 4.484558019181592, 51.20950535125867 ], [ 4.484539077209238, 51.209529953300475 ], [ 4.484516416121735, 51.209589524022611 ], [ 4.484506846217626, 51.20960806760695 ], [ 4.484403834413349, 51.209632887239302 ], [ 4.484393557927972, 51.209637814028035 ], [ 4.484261265701249, 51.209667435207798 ], [ 4.484220849325586, 51.209688265184326 ], [ 4.484165467642068, 51.209715986000617 ], [ 4.484170289241344, 51.209767386131674 ], [ 4.484228048841737, 51.209798087811961 ], [ 4.484216067813099, 51.209831096134032 ], [ 4.484213522370659, 51.209889244826734 ], [ 4.484197258785609, 51.20991495874398 ], [ 4.484129199750391, 51.209966295626558 ], [ 4.484072183492207, 51.209969857086378 ], [ 4.484006880062311, 51.209961220352199 ], [ 4.483981150149802, 51.209955205358128 ], [ 4.483922415646839, 51.209981383334188 ], [ 4.483917741533458, 51.209989252796305 ], [ 4.483856972510521, 51.210014452993981 ], [ 4.483813431181489, 51.210033308433395 ], [ 4.483742828332565, 51.210057394646526 ], [ 4.483706637056839, 51.210068386960835 ], [ 4.48365027861718, 51.210066060148378 ], [ 4.483568564655802, 51.210110659741325 ], [ 4.483440789128965, 51.210162045570812 ], [ 4.483397071682352, 51.210202392374327 ], [ 4.483290402820327, 51.210288452799695 ], [ 4.483129217652698, 51.21038831850926 ], [ 4.483134506053636, 51.210449551560039 ], [ 4.483137898352463, 51.210455678369406 ], [ 4.482891130711857, 51.210459693480935 ], [ 4.482698731452757, 51.21046548900491 ], [ 4.482529646170976, 51.210472457103521 ], [ 4.482347798067241, 51.210480174351709 ], [ 4.482151185524414, 51.210495231143916 ], [ 4.481968783987586, 51.210510777268262 ], [ 4.481602420160548, 51.210547505918569 ], [ 4.481418435452795, 51.21057125915285 ], [ 4.481235064386894, 51.210594391311027 ], [ 4.481055070476996, 51.210617582875344 ], [ 4.480880219372386, 51.210643106249528 ], [ 4.48070708787475, 51.210669697349459 ], [ 4.480516767105122, 51.21070115830242 ], [ 4.479979503752577, 51.210795534384118 ], [ 4.479620951664811, 51.210857093514441 ], [ 4.479258322623663, 51.210919662094334 ], [ 4.478166936295779, 51.211130905103445 ] ] ] } },
{ "type": "Feature", "properties": { "OBJECTID": 36424, "SECCODE": "11002R30-", "SECNAAM": "'T MESTPUTTEKE", "NISGEMEENTE": "11002", "NISDEELGEMEENTE": "11002R", "NISCODE": "R30-", "OPPERVLAKTE": 149546.07534099999, "shape_Length": 2059.1479159744813, "shape_Area": 149546.07534097316 }, "geometry": { "type": "Polygon", "coordinates": [ [ [ 4.462207099567016, 51.207468945037277 ], [ 4.462498799536219, 51.207295999452818 ], [ 4.462658206710049, 51.207191956616185 ], [ 4.462645380506013, 51.207147024672643 ], [ 4.462632538577929, 51.207101382652631 ], [ 4.462619927915312, 51.207056872989085 ], [ 4.462607547641993, 51.207013064237657 ], [ 4.462544708859641, 51.206790228076699 ], [ 4.46258816644994, 51.206720254255849 ], [ 4.462598647066289, 51.206702268987542 ], [ 4.462778235162359, 51.206397641683211 ], [ 4.462881943906409, 51.206080059695459 ], [ 4.46278346012019, 51.205440520808509 ], [ 4.463235897602845, 51.205356969276139 ], [ 4.464376863557725, 51.205137374058303 ], [ 4.46444889574315, 51.205270587067069 ], [ 4.464809000324125, 51.206030679534123 ], [ 4.464874185414636, 51.206172805393415 ], [ 4.464931769581978, 51.206292655083914 ], [ 4.46500441845945, 51.206445578850548 ], [ 4.465088659894177, 51.206626914507851 ], [ 4.465198128282372, 51.20685614675434 ], [ 4.465277352054986, 51.207025342987187 ], [ 4.465351503820303, 51.207177384395521 ], [ 4.465417163785101, 51.207319230862296 ], [ 4.465475651405529, 51.207383872487213 ], [ 4.464988654901235, 51.20761152758466 ], [ 4.4645616334112, 51.207802306066519 ], [ 4.464323170070107, 51.207906631577892 ], [ 4.464045556055821, 51.208032174151271 ], [ 4.463708154137424, 51.208177763734263 ], [ 4.463510386801127, 51.208262990174028 ], [ 4.463551831770314, 51.208335277670194 ], [ 4.46355700211409, 51.208358508604377 ], [ 4.463602286878914, 51.208922064960156 ], [ 4.463619585680088, 51.209137827352542 ], [ 4.463655268459176, 51.209553998954071 ], [ 4.463621373146011, 51.209647047655722 ], [ 4.463591166961243, 51.209689883977177 ], [ 4.462970331505207, 51.20973081404906 ], [ 4.462496304422058, 51.209738600164918 ], [ 4.461910273054694, 51.209767326520179 ], [ 4.461550599705734, 51.209769993464803 ], [ 4.461156830735268, 51.209767922303271 ], [ 4.460978863941755, 51.209763307448412 ], [ 4.460823607029136, 51.209751537691162 ], [ 4.460611554591061, 51.209732684384889 ], [ 4.460448718549662, 51.20971616518846 ], [ 4.460274515908104, 51.209697272700716 ], [ 4.459461139070503, 51.209548777332742 ], [ 4.458557267934104, 51.209390557274752 ], [ 4.458051149774857, 51.209318299146076 ], [ 4.457516148120061, 51.209264217346956 ], [ 4.457255882849529, 51.20924171822719 ], [ 4.457101155949127, 51.209251317675516 ], [ 4.457088257888958, 51.209158737535695 ], [ 4.457087234134055, 51.209064710299188 ], [ 4.457118584008527, 51.208980923465106 ], [ 4.457152373935156, 51.208848642175191 ], [ 4.45717198410071, 51.208769412315583 ], [ 4.457189183327896, 51.20869407626067 ], [ 4.457198051089141, 51.208617029692775 ], [ 4.457217998272569, 51.208467168433309 ], [ 4.457228968415537, 51.208389589952723 ], [ 4.457233353749526, 51.208325705825629 ], [ 4.457237098607352, 51.208248663108265 ], [ 4.457237542163338, 51.208151353953049 ], [ 4.457235733378751, 51.208051026378321 ], [ 4.457234330485282, 51.207930977860386 ], [ 4.457227318871769, 51.207736347504117 ], [ 4.457222156839223, 51.207476252932288 ], [ 4.457220592737046, 51.207331728986567 ], [ 4.457224007793812, 51.207172019800531 ], [ 4.45723668813643, 51.20704610015374 ], [ 4.457242956706382, 51.206926998575973 ], [ 4.45736062781697, 51.206953695290586 ], [ 4.457531404662384, 51.206967992595075 ], [ 4.457918031909459, 51.206989064835362 ], [ 4.458012423366526, 51.206993810845098 ], [ 4.458074909113858, 51.207000315850344 ], [ 4.458093420580102, 51.207005443140275 ], [ 4.458155268972641, 51.207030141193833 ], [ 4.458185825441674, 51.207048409377407 ], [ 4.458296395844824, 51.207124672838169 ], [ 4.458400559210606, 51.207195134557765 ], [ 4.458484482859492, 51.207254627794484 ], [ 4.458569349814871, 51.207313446115094 ], [ 4.458666341705088, 51.207382142364303 ], [ 4.458827810940825, 51.207494940254755 ], [ 4.458900219579561, 51.2075485276387 ], [ 4.458986750936544, 51.207616467640648 ], [ 4.459140727039705, 51.207665021495082 ], [ 4.459225668771842, 51.207688083267698 ], [ 4.459377195265111, 51.207720378616088 ], [ 4.459454741488274, 51.207729936312901 ], [ 4.459615590910568, 51.207729506228276 ], [ 4.459729858107656, 51.20771893714646 ], [ 4.459864583612854, 51.207699138916368 ], [ 4.460407447798381, 51.207619770582404 ], [ 4.460610179782945, 51.207597644275886 ], [ 4.460676518098741, 51.207598059714954 ], [ 4.46077570640363, 51.207618080107082 ], [ 4.460857254773047, 51.2076325414331 ], [ 4.461140830139348, 51.207687525464429 ], [ 4.461198436319849, 51.207693286619644 ], [ 4.461251442987961, 51.207695914407779 ], [ 4.461293353406865, 51.20769524317906 ], [ 4.461389889344552, 51.207676695753484 ], [ 4.461674442129474, 51.207605093536927 ], [ 4.462144614019754, 51.207484418953307 ], [ 4.462207099567016, 51.207468945037277 ] ] ] } },
{ "type": "Feature", "properties": { "OBJECTID": 36430, "SECCODE": "11002R43-", "SECNAAM": "EKSTERLAAR", "NISGEMEENTE": "11002", "NISDEELGEMEENTE": "11002R", "NISCODE": "R43-", "OPPERVLAKTE": 434186.35473899997, "shape_Length": 3093.2826087718477, "shape_Area": 434186.35473768407 }, "geometry": { "type": "Polygon", "coordinates": [ [ [ 4.471071651656578, 51.205748570288783 ], [ 4.470813732124128, 51.205161183933548 ], [ 4.470056981957887, 51.203575808967365 ], [ 4.469907377197718, 51.203300333948327 ], [ 4.469708239515533, 51.20307689954592 ], [ 4.469442952385626, 51.202889924804154 ], [ 4.469268924553383, 51.202796468156592 ], [ 4.468987230026055, 51.202682303947086 ], [ 4.468614542210944, 51.202589024794179 ], [ 4.468167448525463, 51.202532201778212 ], [ 4.467521813459234, 51.202537942196912 ], [ 4.467256216774829, 51.202556420967014 ], [ 4.467240882631895, 51.202497586398508 ], [ 4.467030238612833, 51.201071491965799 ], [ 4.46688372118571, 51.200093516761129 ], [ 4.466876026912376, 51.200034073474555 ], [ 4.466866401949689, 51.199995233367055 ], [ 4.466803879775857, 51.199927117085799 ], [ 4.467089069238204, 51.199824409932212 ], [ 4.467870081316528, 51.199631642389974 ], [ 4.468084984579412, 51.19957887815886 ], [ 4.468327912035133, 51.199511771131526 ], [ 4.468487372845037, 51.199464320433513 ], [ 4.468615957925508, 51.199409516260552 ], [ 4.468740728859327, 51.199344252616918 ], [ 4.468820115918215, 51.199297561766805 ], [ 4.469003692922912, 51.199248453902101 ], [ 4.4691732880561, 51.199210746106175 ], [ 4.469372186477892, 51.199161516695646 ], [ 4.469657383624743, 51.199086784408493 ], [ 4.469969442336432, 51.199009637336886 ], [ 4.470177652238593, 51.198966762373367 ], [ 4.470246994568473, 51.198952977040364 ], [ 4.470512697440825, 51.199318433941286 ], [ 4.47078096125026, 51.199324663788012 ], [ 4.471458571318314, 51.199345420501594 ], [ 4.472039586778727, 51.199361341662808 ], [ 4.47245138266092, 51.199370668209106 ], [ 4.47257768028226, 51.19936985548145 ], [ 4.472883875291609, 51.199345845743345 ], [ 4.473067604011396, 51.199334168408669 ], [ 4.473063757311405, 51.199417593819497 ], [ 4.47322920406576, 51.199425734075881 ], [ 4.473558959571683, 51.199438500417976 ], [ 4.473646137498435, 51.199441658413384 ], [ 4.473754348153707, 51.199445633463846 ], [ 4.473884677286431, 51.199449732427276 ], [ 4.474015020422122, 51.199453687418924 ], [ 4.474292451335574, 51.199464107680825 ], [ 4.474667591762984, 51.19947837614238 ], [ 4.474908819638816, 51.199485600748382 ], [ 4.475220462467334, 51.199497821544142 ], [ 4.475229381411379, 51.199587554342315 ], [ 4.47522977827691, 51.199760303380721 ], [ 4.475226126901312, 51.199827441568544 ], [ 4.475213789833559, 51.200099497747068 ], [ 4.475195017572775, 51.20009880467677 ], [ 4.475155962256792, 51.200910049199827 ], [ 4.475146560466502, 51.200996436869652 ], [ 4.475465009830763, 51.201046141742665 ], [ 4.475958508314316, 51.201101870140107 ], [ 4.476594599756414, 51.201240051628538 ], [ 4.476730432419767, 51.201295115983115 ], [ 4.476995705036673, 51.201454983284364 ], [ 4.477274125243466, 51.201687024181112 ], [ 4.477308845433478, 51.201715916966158 ], [ 4.477400907173039, 51.201792521396897 ], [ 4.477608523427008, 51.201957483149826 ], [ 4.477795934735902, 51.202078096243447 ], [ 4.478703455255372, 51.202504058241168 ], [ 4.479673690331168, 51.202876733341284 ], [ 4.480346317089627, 51.203128195545482 ], [ 4.480575314203653, 51.203157891359396 ], [ 4.48095929270961, 51.203305133663193 ], [ 4.481054465000478, 51.203368519205334 ], [ 4.481230136904154, 51.203444896835784 ], [ 4.481393797940728, 51.20354192321917 ], [ 4.481670637636795, 51.203663145424734 ], [ 4.481876139879811, 51.203773056308208 ], [ 4.482099510298428, 51.203875650965415 ], [ 4.482292473437617, 51.203795683087968 ], [ 4.482398768536715, 51.203749235824908 ], [ 4.482525725853153, 51.203738443642067 ], [ 4.482586236637281, 51.203797583000714 ], [ 4.482333861206675, 51.203881078358961 ], [ 4.482159863468915, 51.203940696106635 ], [ 4.481936347487609, 51.204018949442442 ], [ 4.481696219398764, 51.204109110051647 ], [ 4.481547065917876, 51.204136299620536 ], [ 4.481447179592239, 51.204147613078284 ], [ 4.481232495672816, 51.204175305530619 ], [ 4.480761480773475, 51.204214918290411 ], [ 4.479936288347565, 51.20428179435509 ], [ 4.479497221715262, 51.204315502367898 ], [ 4.479179335831871, 51.204363359561469 ], [ 4.478785786759612, 51.204435079241421 ], [ 4.478467966903277, 51.20451148178455 ], [ 4.478195574704906, 51.204587832160435 ], [ 4.477764322248563, 51.204721415122101 ], [ 4.477295237686501, 51.204874051035347 ], [ 4.477038005145206, 51.204955148597278 ], [ 4.476829482993758, 51.205014017282927 ], [ 4.476646712281263, 51.205059208486787 ], [ 4.476502690159561, 51.205080499524897 ], [ 4.476296821298654, 51.205099420156571 ], [ 4.47586686014288, 51.205139874628543 ], [ 4.475566167870631, 51.205170906983263 ], [ 4.475263105387957, 51.205204286707705 ], [ 4.474849813222064, 51.205251625486817 ], [ 4.47447046974362, 51.205296963790403 ], [ 4.474297116062398, 51.205319402096606 ], [ 4.474049220725929, 51.205350733671708 ], [ 4.473806816505654, 51.205380729523064 ], [ 4.47353541715727, 51.205420853771614 ], [ 4.473261869943613, 51.20545413909776 ], [ 4.472868736296887, 51.205508724653086 ], [ 4.472555708347532, 51.205547337541063 ], [ 4.472317744051854, 51.205573722041414 ], [ 4.471882791477873, 51.205631559056854 ], [ 4.471169875424246, 51.205733330121674 ], [ 4.471071651656578, 51.205748570288783 ] ] ] } },
{ "type": "Feature", "properties": { "OBJECTID": 36437, "SECCODE": "11002R401", "SECNAAM": "BOEKENBERG", "NISGEMEENTE": "11002", "NISDEELGEMEENTE": "11002R", "NISCODE": "R401", "OPPERVLAKTE": 341326.29843949998, "shape_Length": 4208.7021144175096, "shape_Area": 341326.29844002274 }, "geometry": { "type": "Polygon", "coordinates": [ [ [ 4.464037285159651, 51.202670832244621 ], [ 4.463601242965711, 51.20263551933084 ], [ 4.463157022987402, 51.202567834964391 ], [ 4.462750663751813, 51.202479705813026 ], [ 4.462338870260069, 51.202377962083574 ], [ 4.461926962189686, 51.202218385265489 ], [ 4.461536684375706, 51.20204177474546 ], [ 4.461270969982559, 51.201865064754131 ], [ 4.461054049567081, 51.201718939456789 ], [ 4.460951022137594, 51.201654375469978 ], [ 4.460716306487208, 51.201429578539113 ], [ 4.460444089403354, 51.201166438699971 ], [ 4.460210478703883, 51.20079598181799 ], [ 4.460085528362316, 51.200415696369348 ], [ 4.460027240779226, 51.200103221795331 ], [ 4.459960003585445, 51.199742791655936 ], [ 4.459638187859762, 51.197928862599738 ], [ 4.459340163874871, 51.196358752503151 ], [ 4.459464460896711, 51.196268205366927 ], [ 4.459611787508689, 51.196118262362646 ], [ 4.459936745959719, 51.195837380830483 ], [ 4.460149805910627, 51.195659557666595 ], [ 4.460397116421112, 51.195440809755183 ], [ 4.460472775034939, 51.195374262811477 ], [ 4.460519190537696, 51.195335288399619 ], [ 4.46058120732213, 51.195293353532819 ], [ 4.460662515814278, 51.195226676201067 ], [ 4.460752617412297, 51.195164944568681 ], [ 4.460857295748852, 51.195103111535232 ], [ 4.460957332323883, 51.195045174069776 ], [ 4.461062651846208, 51.194989506446802 ], [ 4.461178060894188, 51.194936104864951 ], [ 4.461319060670588, 51.194874943891243 ], [ 4.461476046221645, 51.194817347528314 ], [ 4.46163206195402, 51.19476854246097 ], [ 4.461824733099946, 51.194715438576999 ], [ 4.462011963812794, 51.194674554053876 ], [ 4.462175629929301, 51.194646092112627 ], [ 4.462339812803348, 51.19462568321449 ], [ 4.462531403971234, 51.194605090386808 ], [ 4.462764268284128, 51.19459290436577 ], [ 4.462916410411346, 51.194588872346536 ], [ 4.463116067221991, 51.194595336424847 ], [ 4.463333608463219, 51.194610198970246 ], [ 4.463529277572725, 51.194632260587298 ], [ 4.463695985604391, 51.194657662073247 ], [ 4.463880904998061, 51.19469032024265 ], [ 4.464194127779863, 51.194743439468198 ], [ 4.464400905570311, 51.194782658610009 ], [ 4.465271759643951, 51.194936529379696 ], [ 4.465946835620282, 51.195056067248274 ], [ 4.466071195417402, 51.195071244592775 ], [ 4.466222061118827, 51.195085456000754 ], [ 4.466414053605638, 51.195105853024423 ], [ 4.466621937597105, 51.195125328645837 ], [ 4.466816226296742, 51.195135521171593 ], [ 4.466913047030441, 51.19512965163495 ], [ 4.467424349529126, 51.195189814183749 ], [ 4.467420372595424, 51.19523681830934 ], [ 4.467434872323508, 51.195321324827773 ], [ 4.467453929544726, 51.195429871700782 ], [ 4.467465537219451, 51.195533364317214 ], [ 4.467482057630552, 51.195626192455265 ], [ 4.467491835743626, 51.195730360736775 ], [ 4.467512173009935, 51.195821846368318 ], [ 4.46752533177109, 51.195921373737846 ], [ 4.467538666905682, 51.196029790561347 ], [ 4.467559228685274, 51.196172779979165 ], [ 4.467574383701262, 51.196255730891707 ], [ 4.467570948157856, 51.196315075730368 ], [ 4.467571082852897, 51.196405050300136 ], [ 4.467570646701921, 51.196529208534379 ], [ 4.467569409319951, 51.196666733305307 ], [ 4.467568508807304, 51.196807934072908 ], [ 4.467567783111304, 51.196937197987126 ], [ 4.467572644712238, 51.197063490992576 ], [ 4.467576848063793, 51.197216516276406 ], [ 4.467572750264909, 51.197341001140487 ], [ 4.467571940464294, 51.197464368658729 ], [ 4.467577967346718, 51.197540019585198 ], [ 4.467586625137934, 51.197608288755141 ], [ 4.467609404266847, 51.197677085336679 ], [ 4.467636819926074, 51.19774647124477 ], [ 4.467679046252728, 51.197817570448095 ], [ 4.467722976260697, 51.197882493115706 ], [ 4.467766622848148, 51.197935236621753 ], [ 4.467811880046285, 51.197985129404877 ], [ 4.468029185318553, 51.198182215821014 ], [ 4.468263815262922, 51.198398261802353 ], [ 4.468447096793587, 51.19855892801008 ], [ 4.468574441245135, 51.198673126171052 ], [ 4.468698454961321, 51.19878164631259 ], [ 4.468803551560681, 51.198874857103746 ], [ 4.468857231317644, 51.198955069391722 ], [ 4.468861186997467, 51.199031171401316 ], [ 4.469003692922912, 51.199248453902101 ], [ 4.468820115918215, 51.199297561766805 ], [ 4.468740728859327, 51.199344252616918 ], [ 4.468615957925508, 51.199409516260552 ], [ 4.468487372845037, 51.199464320433513 ], [ 4.468327912035133, 51.199511771131526 ], [ 4.468084984579412, 51.19957887815886 ], [ 4.467870081316528, 51.199631642389974 ], [ 4.467089069238204, 51.199824409932212 ], [ 4.466803879775857, 51.199927117085799 ], [ 4.466866401949689, 51.199995233367055 ], [ 4.466876026912376, 51.200034073474555 ], [ 4.46688372118571, 51.200093516761129 ], [ 4.467030238612833, 51.201071491965799 ], [ 4.467240882631895, 51.202497586398508 ], [ 4.467256216774829, 51.202556420967014 ], [ 4.466992136261472, 51.202574790009372 ], [ 4.465494131970107, 51.20267483555714 ], [ 4.464550530143219, 51.202691213638509 ], [ 4.464037285159651, 51.202670832244621 ] ], [ [ 4.463094929627313, 51.195454814265048 ], [ 4.463063922103193, 51.195535411951155 ], [ 4.462994831158456, 51.195657216461505 ], [ 4.462912644702006, 51.195797403892797 ], [ 4.462819745012387, 51.195945707459536 ], [ 4.462734124310424, 51.196085969411875 ], [ 4.462636400375644, 51.196254419864381 ], [ 4.462540760987957, 51.196414131756562 ], [ 4.462380763564561, 51.196675150151492 ], [ 4.462201662406122, 51.196969872333703 ], [ 4.462104308420906, 51.197117909161527 ], [ 4.462039883982962, 51.197186668324946 ], [ 4.461960372398977, 51.197244149914354 ], [ 4.461865779291796, 51.197293149311619 ], [ 4.461760458946955, 51.197343397547598 ], [ 4.461633099864061, 51.197397213588694 ], [ 4.461524455177954, 51.197430763657287 ], [ 4.461381815167978, 51.19745522616185 ], [ 4.461268432783248, 51.197466263605378 ], [ 4.461136179026608, 51.197476515830246 ], [ 4.461055987143739, 51.197494951404643 ], [ 4.460980637348841, 51.197538290180951 ], [ 4.460891122893104, 51.197624038670114 ], [ 4.460886800071464, 51.197709126963233 ], [ 4.460912318242819, 51.197836473591856 ], [ 4.46094418054042, 51.198031660218035 ], [ 4.460982359779591, 51.198230652966721 ], [ 4.461039420227473, 51.198592951359601 ], [ 4.461039535976921, 51.198651025779633 ], [ 4.461028736966491, 51.19870246630537 ], [ 4.460989651169561, 51.198802763435232 ], [ 4.460885633053118, 51.199063870348262 ], [ 4.462431977821497, 51.199249003591532 ], [ 4.462574825127159, 51.199253806129846 ], [ 4.46322784289716, 51.199712116425836 ], [ 4.463288065982222, 51.19975701025291 ], [ 4.463326796592669, 51.199786056730709 ], [ 4.463408283591115, 51.199846797997303 ], [ 4.463493138385675, 51.199910215050174 ], [ 4.463551800236051, 51.199953986442168 ], [ 4.463575081924941, 51.199970119903185 ], [ 4.463633278612997, 51.200010233323873 ], [ 4.463715000421807, 51.200066488939768 ], [ 4.463813270523289, 51.20013424531701 ], [ 4.463886468317333, 51.200184746111155 ], [ 4.463959221886485, 51.200234824761651 ], [ 4.464211969919838, 51.20040904956597 ], [ 4.464303078117006, 51.200472038479674 ], [ 4.464458752127769, 51.200624005419151 ], [ 4.464596104804022, 51.200647065568511 ], [ 4.464734414212079, 51.200689881420395 ], [ 4.465025696491518, 51.200650614883465 ], [ 4.465293493849208, 51.200553301468481 ], [ 4.465249864725538, 51.200515639732636 ], [ 4.465220890029348, 51.200479880476735 ], [ 4.465190206968829, 51.20044130023917 ], [ 4.465176692004619, 51.200409420270447 ], [ 4.465148966443546, 51.200293240166424 ], [ 4.465091116766107, 51.199932400747571 ], [ 4.465046632128434, 51.199654927314526 ], [ 4.464915665707035, 51.198985465673232 ], [ 4.464829165830659, 51.198536032081293 ], [ 4.464825043459431, 51.198472936383396 ], [ 4.464818020239631, 51.198397654690346 ], [ 4.464825090701226, 51.19828879849878 ], [ 4.464842759352098, 51.198109652751064 ], [ 4.464865114638099, 51.197900194014863 ], [ 4.464888095428423, 51.197695813233175 ], [ 4.464909302584955, 51.197471012067879 ], [ 4.464915065076654, 51.197359379464622 ], [ 4.464789182216101, 51.196840092422065 ], [ 4.464727372760888, 51.196573913262576 ], [ 4.464624375736313, 51.196140878601717 ], [ 4.46461139748406, 51.196063399517676 ], [ 4.46459884945973, 51.196007150869669 ], [ 4.464593443844441, 51.195932029563693 ], [ 4.464578080963397, 51.195787480370832 ], [ 4.464569286636715, 51.195630171148053 ], [ 4.464562521451213, 51.195561657474514 ], [ 4.464560933772438, 51.195506442524788 ], [ 4.464307989130561, 51.195495107600117 ], [ 4.46393735726722, 51.195478735252998 ], [ 4.463638798838896, 51.195470384117549 ], [ 4.463363403229518, 51.195463074190741 ], [ 4.463094929627313, 51.195454814265048 ] ] ] } },
{ "type": "Feature", "properties": { "OBJECTID": 36439, "SECCODE": "11002R482", "SECNAAM": "BOEKENBERGPARK", "NISGEMEENTE": "11002", "NISDEELGEMEENTE": "11002R", "NISCODE": "R482", "OPPERVLAKTE": 104698.337032, "shape_Length": 1520.6919481798495, "shape_Area": 104698.3370323001 }, "geometry": { "type": "Polygon", "coordinates": [ [ [ 4.463094929627313, 51.195454814265048 ], [ 4.463363403229518, 51.195463074190741 ], [ 4.463638798838896, 51.195470384117549 ], [ 4.46393735726722, 51.195478735252998 ], [ 4.464307989130561, 51.195495107600117 ], [ 4.464560933772438, 51.195506442524788 ], [ 4.464562521451213, 51.195561657474514 ], [ 4.464569286636715, 51.195630171148053 ], [ 4.464578080963397, 51.195787480370832 ], [ 4.464593443844441, 51.195932029563693 ], [ 4.46459884945973, 51.196007150869669 ], [ 4.46461139748406, 51.196063399517676 ], [ 4.464624375736313, 51.196140878601717 ], [ 4.464727372760888, 51.196573913262576 ], [ 4.464789182216101, 51.196840092422065 ], [ 4.464915065076654, 51.197359379464622 ], [ 4.464909302584955, 51.197471012067879 ], [ 4.464888095428423, 51.197695813233175 ], [ 4.464865114638099, 51.197900194014863 ], [ 4.464842759352098, 51.198109652751064 ], [ 4.464825090701226, 51.19828879849878 ], [ 4.464818020239631, 51.198397654690346 ], [ 4.464825043459431, 51.198472936383396 ], [ 4.464829165830659, 51.198536032081293 ], [ 4.464915665707035, 51.198985465673232 ], [ 4.465046632128434, 51.199654927314526 ], [ 4.465091116766107, 51.199932400747571 ], [ 4.465148966443546, 51.200293240166424 ], [ 4.465176692004619, 51.200409420270447 ], [ 4.465190206968829, 51.20044130023917 ], [ 4.465220890029348, 51.200479880476735 ], [ 4.465249864725538, 51.200515639732636 ], [ 4.465293493849208, 51.200553301468481 ], [ 4.465025696491518, 51.200650614883465 ], [ 4.464734414212079, 51.200689881420395 ], [ 4.464596104804022, 51.200647065568511 ], [ 4.464458752127769, 51.200624005419151 ], [ 4.464303078117006, 51.200472038479674 ], [ 4.464211969919838, 51.20040904956597 ], [ 4.463959221886485, 51.200234824761651 ], [ 4.463886468317333, 51.200184746111155 ], [ 4.463813270523289, 51.20013424531701 ], [ 4.463715000421807, 51.200066488939768 ], [ 4.463633278612997, 51.200010233323873 ], [ 4.463575081924941, 51.199970119903185 ], [ 4.463551800236051, 51.199953986442168 ], [ 4.463493138385675, 51.199910215050174 ], [ 4.463408283591115, 51.199846797997303 ], [ 4.463326796592669, 51.199786056730709 ], [ 4.463288065982222, 51.19975701025291 ], [ 4.46322784289716, 51.199712116425836 ], [ 4.462574825127159, 51.199253806129846 ], [ 4.462431977821497, 51.199249003591532 ], [ 4.460885633053118, 51.199063870348262 ], [ 4.460989651169561, 51.198802763435232 ], [ 4.461028736966491, 51.19870246630537 ], [ 4.461039535976921, 51.198651025779633 ], [ 4.461039420227473, 51.198592951359601 ], [ 4.460982359779591, 51.198230652966721 ], [ 4.46094418054042, 51.198031660218035 ], [ 4.460912318242819, 51.197836473591856 ], [ 4.460886800071464, 51.197709126963233 ], [ 4.460891122893104, 51.197624038670114 ], [ 4.460980637348841, 51.197538290180951 ], [ 4.461055987143739, 51.197494951404643 ], [ 4.461136179026608, 51.197476515830246 ], [ 4.461268432783248, 51.197466263605378 ], [ 4.461381815167978, 51.19745522616185 ], [ 4.461524455177954, 51.197430763657287 ], [ 4.461633099864061, 51.197397213588694 ], [ 4.461760458946955, 51.197343397547598 ], [ 4.461865779291796, 51.197293149311619 ], [ 4.461960372398977, 51.197244149914354 ], [ 4.462039883982962, 51.197186668324946 ], [ 4.462104308420906, 51.197117909161527 ], [ 4.462201662406122, 51.196969872333703 ], [ 4.462380763564561, 51.196675150151492 ], [ 4.462540760987957, 51.196414131756562 ], [ 4.462636400375644, 51.196254419864381 ], [ 4.462734124310424, 51.196085969411875 ], [ 4.462819745012387, 51.195945707459536 ], [ 4.462912644702006, 51.195797403892797 ], [ 4.462994831158456, 51.195657216461505 ], [ 4.463063922103193, 51.195535411951155 ], [ 4.463094929627313, 51.195454814265048 ] ] ] } },
{ "type": "Feature", "properties": { "OBJECTID": 36562, "SECCODE": "11002R35-", "SECNAAM": "MORKHOVEN", "NISGEMEENTE": "11002", "NISDEELGEMEENTE": "11002R", "NISCODE": "R35-", "OPPERVLAKTE": 228454.67712000001, "shape_Length": 2636.6655355585694, "shape_Area": 228454.67712076701 }, "geometry": { "type": "Polygon", "coordinates": [ [ [ 4.453097204448595, 51.210455839312729 ], [ 4.453622953768295, 51.210259116689727 ], [ 4.454546576971792, 51.209956568118486 ], [ 4.456150347062053, 51.209455941649004 ], [ 4.45667050827621, 51.209305724684299 ], [ 4.456959549435693, 51.209260098095598 ], [ 4.457101155949127, 51.209251317675516 ], [ 4.457255882849529, 51.20924171822719 ], [ 4.457516148120061, 51.209264217346956 ], [ 4.458051149774857, 51.209318299146076 ], [ 4.458557267934104, 51.209390557274752 ], [ 4.459461139070503, 51.209548777332742 ], [ 4.460274515908104, 51.209697272700716 ], [ 4.460448718549662, 51.20971616518846 ], [ 4.460611554591061, 51.209732684384889 ], [ 4.460823607029136, 51.209751537691162 ], [ 4.460978863941755, 51.209763307448412 ], [ 4.461156830735268, 51.209767922303271 ], [ 4.461550599705734, 51.209769993464803 ], [ 4.461910273054694, 51.209767326520179 ], [ 4.462496304422058, 51.209738600164918 ], [ 4.462970331505207, 51.20973081404906 ], [ 4.463591166961243, 51.209689883977177 ], [ 4.463698095536061, 51.210132136236574 ], [ 4.463846439315324, 51.210469720459336 ], [ 4.463918550623513, 51.210638159112939 ], [ 4.464036816789113, 51.210926735541342 ], [ 4.463785209695027, 51.210987233932805 ], [ 4.462878775355604, 51.211292582280521 ], [ 4.462254761937841, 51.211563497970467 ], [ 4.461720020754392, 51.211846779616678 ], [ 4.461205173936917, 51.212170455088021 ], [ 4.460754820853264, 51.212531388660096 ], [ 4.460180920020297, 51.2130757895738 ], [ 4.459775302329069, 51.213495729331136 ], [ 4.459247640893497, 51.214125209917782 ], [ 4.459214425346941, 51.214162213879646 ], [ 4.459145537779315, 51.214238893225939 ], [ 4.459073113162836, 51.214321912085971 ], [ 4.458949794126235, 51.21445469395325 ], [ 4.458750759381994, 51.214656978285831 ], [ 4.458644934910552, 51.214756947670573 ], [ 4.458558007059381, 51.214837874019977 ], [ 4.458463498447161, 51.214921179041127 ], [ 4.458353884816846, 51.215023523992691 ], [ 4.458229156740913, 51.215140153966956 ], [ 4.458161101338981, 51.215197282275589 ], [ 4.458096824548194, 51.215247270866342 ], [ 4.458036344775937, 51.215299638460614 ], [ 4.457911578503646, 51.215397239646883 ], [ 4.457839730335638, 51.215447233847684 ], [ 4.457737630069939, 51.215521034292287 ], [ 4.457616599754591, 51.215597230916707 ], [ 4.457548516177576, 51.215632957475826 ], [ 4.457423678992116, 51.215702019982217 ], [ 4.457268566986165, 51.215775860072249 ], [ 4.457049140073481, 51.215873531718117 ], [ 4.456863733449779, 51.215949767010628 ], [ 4.456697215506545, 51.216002213506002 ], [ 4.4564020077631, 51.21607853932867 ], [ 4.456208152198712, 51.216115284828476 ], [ 4.455905890053757, 51.21573728650624 ], [ 4.456470054819171, 51.215607558681327 ], [ 4.45674487606392, 51.215717460879738 ], [ 4.457856614934254, 51.214739554270409 ], [ 4.458180686885814, 51.21420874848117 ], [ 4.457511579008622, 51.213805685726477 ], [ 4.457308449008434, 51.213088815106126 ], [ 4.456669682704584, 51.212230389026516 ], [ 4.456490629433174, 51.212049954667322 ], [ 4.455921562100762, 51.211833353494058 ], [ 4.455782809414381, 51.211667035858895 ], [ 4.455677825280693, 51.211513294799268 ], [ 4.455630873676548, 51.211399428261245 ], [ 4.455311126573638, 51.21136326156941 ], [ 4.45415148723121, 51.211045903528145 ], [ 4.453115062086692, 51.210761118427527 ], [ 4.453097204448595, 51.210455839312729 ] ] ] } },
{ "type": "Feature", "properties": { "OBJECTID": 36563, "SECCODE": "11002R34-", "SECNAAM": "MUGGENBERG", "NISGEMEENTE": "11002", "NISDEELGEMEENTE": "11002R", "NISCODE": "R34-", "OPPERVLAKTE": 92929.006024000002, "shape_Length": 1232.2865841813639, "shape_Area": 92929.006024626404 }, "geometry": { "type": "Polygon", "coordinates": [ [ [ 4.452882435276784, 51.207912545690121 ], [ 4.452915359968577, 51.207715360673937 ], [ 4.452962679134464, 51.207580904597897 ], [ 4.452985190186546, 51.207519506377871 ], [ 4.453004324513295, 51.206947576173441 ], [ 4.453027725102603, 51.206738443267973 ], [ 4.453044401020412, 51.20665535111192 ], [ 4.45366926938625, 51.206693199941782 ], [ 4.454080114934804, 51.206720577077832 ], [ 4.454611224663953, 51.206754048833254 ], [ 4.456013839989676, 51.206842430484549 ], [ 4.456700321744341, 51.206884621765759 ], [ 4.456965611915418, 51.206900430939321 ], [ 4.457242956706382, 51.206926998575973 ], [ 4.45723668813643, 51.20704610015374 ], [ 4.457224007793812, 51.207172019800531 ], [ 4.457220592737046, 51.207331728986567 ], [ 4.457222156839223, 51.207476252932288 ], [ 4.457227318871769, 51.207736347504117 ], [ 4.457234330485282, 51.207930977860386 ], [ 4.457235733378751, 51.208051026378321 ], [ 4.457237542163338, 51.208151353953049 ], [ 4.457237098607352, 51.208248663108265 ], [ 4.457233353749526, 51.208325705825629 ], [ 4.457228968415537, 51.208389589952723 ], [ 4.457217998272569, 51.208467168433309 ], [ 4.457198051089141, 51.208617029692775 ], [ 4.457189183327896, 51.20869407626067 ], [ 4.45717198410071, 51.208769412315583 ], [ 4.457152373935156, 51.208848642175191 ], [ 4.457118584008527, 51.208980923465106 ], [ 4.457087234134055, 51.209064710299188 ], [ 4.457088257888958, 51.209158737535695 ], [ 4.457101155949127, 51.209251317675516 ], [ 4.456959549435693, 51.209260098095598 ], [ 4.45667050827621, 51.209305724684299 ], [ 4.456150347062053, 51.209455941649004 ], [ 4.454546576971792, 51.209956568118486 ], [ 4.453622953768295, 51.210259116689727 ], [ 4.453609398072057, 51.210155462941934 ], [ 4.453475915492946, 51.209976312195863 ], [ 4.45346601102602, 51.209764237327803 ], [ 4.453465660910266, 51.209573044654562 ], [ 4.453321861808438, 51.208954780233427 ], [ 4.453178624658141, 51.208650184522519 ], [ 4.452992587901361, 51.208336657892644 ], [ 4.452920923918118, 51.208154486792061 ], [ 4.452882435276784, 51.207912545690121 ] ] ] } },
{ "type": "Feature", "properties": { "OBJECTID": 36566, "SECCODE": "11002R42-", "SECNAAM": "BOEKENBERGLEI", "NISGEMEENTE": "11002", "NISDEELGEMEENTE": "11002R", "NISCODE": "R42-", "OPPERVLAKTE": 182455.02509350001, "shape_Length": 2745.958056269104, "shape_Area": 182455.02509426465 }, "geometry": { "type": "Polygon", "coordinates": [ [ [ 4.45311076916703, 51.202082393529658 ], [ 4.454768460320084, 51.201132340228483 ], [ 4.455477747124653, 51.201471554583939 ], [ 4.455735184573531, 51.201421298164746 ], [ 4.456260555479429, 51.201318735426923 ], [ 4.457099100160634, 51.201083705566163 ], [ 4.457602100169733, 51.200860852115696 ], [ 4.457693884835538, 51.200111090708454 ], [ 4.457302417750211, 51.200087936052618 ], [ 4.457297263628093, 51.19994393573679 ], [ 4.457294528009661, 51.19986757179521 ], [ 4.457199070980741, 51.199679443321145 ], [ 4.457108190681792, 51.199392734784546 ], [ 4.45705767411189, 51.198822993804264 ], [ 4.457054591845917, 51.198714667086072 ], [ 4.457087173149819, 51.198350187024062 ], [ 4.457223607772029, 51.19792079473779 ], [ 4.457283416659243, 51.197633675735503 ], [ 4.457044308781905, 51.197321362718341 ], [ 4.456751428548055, 51.197415683228542 ], [ 4.454838857580074, 51.19511352693322 ], [ 4.454820681575495, 51.195009130067717 ], [ 4.455090749371717, 51.19490791890685 ], [ 4.455606535221456, 51.19471381812005 ], [ 4.4558361120226, 51.194633398630849 ], [ 4.45598171468956, 51.194582397591105 ], [ 4.456630450614649, 51.194338316208224 ], [ 4.457027296103899, 51.194191730496762 ], [ 4.457342876449733, 51.194084790163956 ], [ 4.45754110661298, 51.194012759299284 ], [ 4.459464460896711, 51.196268205366927 ], [ 4.459340163874871, 51.196358752503151 ], [ 4.459638187859762, 51.197928862599738 ], [ 4.459960003585445, 51.199742791655936 ], [ 4.460027240779226, 51.200103221795331 ], [ 4.459620583231946, 51.20049058983453 ], [ 4.459398055910746, 51.200697325911072 ], [ 4.459203876820861, 51.200856760377313 ], [ 4.459001224535672, 51.201007823786959 ], [ 4.458789207384764, 51.201148125851496 ], [ 4.458568559163534, 51.201279760271916 ], [ 4.458296996160499, 51.201421985610644 ], [ 4.458024758149286, 51.201548903482106 ], [ 4.457781800911451, 51.201650918437295 ], [ 4.457384605795304, 51.201796257083977 ], [ 4.457129694813159, 51.201873525504283 ], [ 4.456678405375776, 51.201992027025149 ], [ 4.456396677438964, 51.202060451341396 ], [ 4.456231748210214, 51.20209482052352 ], [ 4.455855169100479, 51.202190881868603 ], [ 4.454952348413352, 51.202405914786034 ], [ 4.454811707468708, 51.202438250706962 ], [ 4.454603314704929, 51.202491039886532 ], [ 4.454502664772485, 51.202516532898542 ], [ 4.454222481351997, 51.202595755008474 ], [ 4.454006824770664, 51.202667253404201 ], [ 4.453798768104091, 51.202748264665601 ], [ 4.453590307261835, 51.202835531815083 ], [ 4.453508678423601, 51.202880676949881 ], [ 4.453448160140597, 51.202960771867453 ], [ 4.45311076916703, 51.202082393529658 ] ] ] } },
{ "type": "Feature", "properties": { "OBJECTID": 36570, "SECCODE": "11002R180", "SECNAAM": "BREM", "NISGEMEENTE": "11002", "NISDEELGEMEENTE": "11002R", "NISCODE": "R180", "OPPERVLAKTE": 635416.03247950005, "shape_Length": 3893.7103876922893, "shape_Area": 635416.03247951448 }, "geometry": { "type": "Polygon", "coordinates": [ [ [ 4.464621612000666, 51.233731625905961 ], [ 4.464957005289068, 51.233565273881887 ], [ 4.465036339557186, 51.233415202297842 ], [ 4.467365659013316, 51.232390484877008 ], [ 4.467546307302588, 51.232222142976951 ], [ 4.467785074099029, 51.232144660014441 ], [ 4.468016405488433, 51.231971726522055 ], [ 4.469527926788083, 51.2311794909238 ], [ 4.47011254370376, 51.230338027964905 ], [ 4.470494596106249, 51.229574019404602 ], [ 4.470479233973555, 51.228700336612704 ], [ 4.472898848796514, 51.229772379930836 ], [ 4.475234391413601, 51.23080554798419 ], [ 4.478124341234031, 51.232077604752625 ], [ 4.479012420267495, 51.231842223754654 ], [ 4.479193803481737, 51.231844534235741 ], [ 4.479649460820085, 51.231845004015383 ], [ 4.47996612054629, 51.231846637305189 ], [ 4.481468961457501, 51.232420379675666 ], [ 4.483687201132904, 51.232375716835499 ], [ 4.483896258791687, 51.232405910881376 ], [ 4.484519046715538, 51.232465548208971 ], [ 4.484821456400599, 51.232497805863559 ], [ 4.485152922675554, 51.232527247590141 ], [ 4.485412635024415, 51.23254604548773 ], [ 4.485736463194969, 51.232572347233081 ], [ 4.48598399988543, 51.232588459483452 ], [ 4.485948398282845, 51.232720444039728 ], [ 4.486015117675475, 51.232828938872572 ], [ 4.486061933161992, 51.232941669062477 ], [ 4.486481276446507, 51.233256678241652 ], [ 4.486841939794799, 51.233538191327582 ], [ 4.486966894029599, 51.233676117875099 ], [ 4.487154806253349, 51.234112708763028 ], [ 4.487278631600552, 51.234418466562261 ], [ 4.486439581849917, 51.23489597945958 ], [ 4.484904876274347, 51.235774570413319 ], [ 4.484244480547287, 51.236171508058582 ], [ 4.483317277576274, 51.23615461830326 ], [ 4.482328863574188, 51.236148440607018 ], [ 4.481476857754633, 51.23617778967003 ], [ 4.480431695781303, 51.236193051764992 ], [ 4.479148003868181, 51.236229921149373 ], [ 4.478148102472757, 51.236173807042086 ], [ 4.477102472320515, 51.235989337171603 ], [ 4.47610214872142, 51.235747767661351 ], [ 4.474715422378146, 51.235435225229779 ], [ 4.472544488502098, 51.234973580113497 ], [ 4.466555455680917, 51.234030161146279 ], [ 4.464621612000666, 51.233731625905961 ] ] ] } },
{ "type": "Feature", "properties": { "OBJECTID": 36571, "SECCODE": "11002R20-", "SECNAAM": "VENNEBORG", "NISGEMEENTE": "11002", "NISDEELGEMEENTE": "11002R", "NISCODE": "R20-", "OPPERVLAKTE": 342011.99308049999, "shape_Length": 2416.8023676445796, "shape_Area": 342011.99307991681 }, "geometry": { "type": "Polygon", "coordinates": [ [ [ 4.470054519569909, 51.228512145710788 ], [ 4.470437732896753, 51.228139759041802 ], [ 4.470841684743651, 51.227768108071139 ], [ 4.471237529000539, 51.227409981246041 ], [ 4.471451564485386, 51.227206827872799 ], [ 4.471607155167423, 51.227064333885671 ], [ 4.471793971340304, 51.226891970896908 ], [ 4.472149528273741, 51.226563924354473 ], [ 4.472486406863442, 51.226252072269318 ], [ 4.473291488123634, 51.225514122856097 ], [ 4.473759952096597, 51.225085103139875 ], [ 4.474252440369906, 51.224630487967993 ], [ 4.47455761893084, 51.224352436528754 ], [ 4.474639699487534, 51.224278190436038 ], [ 4.47494950571672, 51.223997724884562 ], [ 4.475147240967075, 51.223828699165146 ], [ 4.475228901092087, 51.223771629831717 ], [ 4.477508864943614, 51.225083427394402 ], [ 4.478856009028823, 51.225841978567296 ], [ 4.47912060425195, 51.225938220600028 ], [ 4.479105501124974, 51.226334478425514 ], [ 4.479076491881649, 51.227623986885014 ], [ 4.479058070935962, 51.228869828239887 ], [ 4.479050432750883, 51.230159315340842 ], [ 4.479012420267495, 51.231842223754654 ], [ 4.478124341234031, 51.232077604752625 ], [ 4.475234391413601, 51.23080554798419 ], [ 4.472898848796514, 51.229772379930836 ], [ 4.470054519569909, 51.228512145710788 ] ] ] } },
{ "type": "Feature", "properties": { "OBJECTID": 36572, "SECCODE": "11002R02-", "SECNAAM": "DEURNE - HET DORP", "NISGEMEENTE": "11002", "NISDEELGEMEENTE": "11002R", "NISCODE": "R02-", "OPPERVLAKTE": 243730.99211650001, "shape_Length": 2032.9563176728329, "shape_Area": 243730.99211539992 }, "geometry": { "type": "Polygon", "coordinates": [ [ [ 4.450616787328751, 51.223038463178042 ], [ 4.450679953884882, 51.222997575840473 ], [ 4.450710736466645, 51.222977654044747 ], [ 4.450885437473026, 51.222864583759964 ], [ 4.450948074504406, 51.222824011240455 ], [ 4.452054080188353, 51.222594062878443 ], [ 4.452154927548617, 51.222089796627067 ], [ 4.452275517138401, 51.221493807588814 ], [ 4.453045289418653, 51.220618722276193 ], [ 4.453634388773035, 51.219712168322026 ], [ 4.453748897462846, 51.219535912814912 ], [ 4.453909219682833, 51.219467988046681 ], [ 4.453913896271287, 51.219465971249974 ], [ 4.453999221462234, 51.219500451671642 ], [ 4.454073746831588, 51.219530571527677 ], [ 4.45525851667646, 51.220009270583084 ], [ 4.455374844825138, 51.220035547697613 ], [ 4.455513814856573, 51.220083937381609 ], [ 4.455620024616061, 51.220118158491019 ], [ 4.455742587747659, 51.220156475074837 ], [ 4.455877728030678, 51.220200139273693 ], [ 4.455963746998464, 51.220221530651628 ], [ 4.456081546510281, 51.220253369791806 ], [ 4.456262500242401, 51.220295237709323 ], [ 4.456469798097935, 51.220333598156763 ], [ 4.456703390139121, 51.220372289077588 ], [ 4.456838192889309, 51.220388223232696 ], [ 4.45698737575157, 51.220401701576215 ], [ 4.457154593753893, 51.220407948462146 ], [ 4.457439019770862, 51.220412974030289 ], [ 4.457594144516763, 51.220412416232826 ], [ 4.457751332212625, 51.220405385023007 ], [ 4.45809202972823, 51.220391535634185 ], [ 4.458326019813181, 51.220383609232634 ], [ 4.458757012686275, 51.220366758741235 ], [ 4.459066630056454, 51.220357280763587 ], [ 4.45925447733745, 51.220358223623649 ], [ 4.459589522415613, 51.220381864873531 ], [ 4.459577025266341, 51.220432002824452 ], [ 4.459531656436569, 51.220682032138967 ], [ 4.459319985577229, 51.221848592322104 ], [ 4.459280432986891, 51.222219591630541 ], [ 4.45916010761728, 51.222481048737961 ], [ 4.458932287723573, 51.222700432823906 ], [ 4.458503265521789, 51.22302114378747 ], [ 4.457323874173419, 51.224130730116222 ], [ 4.456988727368588, 51.224404984441335 ], [ 4.456813716443837, 51.224485867537304 ], [ 4.456787672845549, 51.224497904546169 ], [ 4.456412308773221, 51.224612418925226 ], [ 4.45635342460641, 51.224630385736361 ], [ 4.456322603064004, 51.22463659275131 ], [ 4.456007847865057, 51.224699925695305 ], [ 4.45559609173215, 51.224783364743026 ], [ 4.455103385531591, 51.224843770825096 ], [ 4.454714935037983, 51.224883407250019 ], [ 4.454647426278877, 51.224890296858717 ], [ 4.454529188289268, 51.224897960582737 ], [ 4.454287044315601, 51.224913651344316 ], [ 4.453801607775095, 51.224927864410375 ], [ 4.453672928266226, 51.224932263079076 ], [ 4.453249974750148, 51.224946734230016 ], [ 4.452817544808695, 51.224984859082305 ], [ 4.452668983615919, 51.224997953680017 ], [ 4.452271909219453, 51.225067519541405 ], [ 4.452243184364688, 51.225077930558726 ], [ 4.452042510652315, 51.22515070832678 ], [ 4.451674124131759, 51.224304389987324 ], [ 4.451467103745506, 51.223884679950686 ], [ 4.450616787328751, 51.223038463178042 ] ] ] } },
{ "type": "Feature", "properties": { "OBJECTID": 36573, "SECCODE": "11002R00-", "SECNAAM": "DEURNE - GEMEENTEHUIS", "NISGEMEENTE": "11002", "NISDEELGEMEENTE": "11002R", "NISCODE": "R00-", "OPPERVLAKTE": 116625.43423850001, "shape_Length": 1677.403299399652, "shape_Area": 116625.43423872827 }, "geometry": { "type": "Polygon", "coordinates": [ [ [ 4.453913896271287, 51.219465971249974 ], [ 4.454218163862093, 51.219337018089902 ], [ 4.454489882422433, 51.219223449109784 ], [ 4.455639061635825, 51.218449637043669 ], [ 4.455834365292445, 51.21815792644253 ], [ 4.455873214492585, 51.218099895435195 ], [ 4.456345677018501, 51.218097197605886 ], [ 4.457015761211015, 51.21806973911827 ], [ 4.45730731588717, 51.218052872873017 ], [ 4.458372825525033, 51.218005018459692 ], [ 4.459406482224979, 51.217961556408277 ], [ 4.460412275082562, 51.21791301964975 ], [ 4.461311491995488, 51.217869618911628 ], [ 4.461281779061267, 51.217912337261524 ], [ 4.46103671019385, 51.218265019454208 ], [ 4.460558825169341, 51.218954867585936 ], [ 4.461176070562106, 51.219096291931095 ], [ 4.461032090296268, 51.219350480314141 ], [ 4.463026078946578, 51.219342846349775 ], [ 4.463022078050772, 51.219493719835491 ], [ 4.463026089296457, 51.219924197943769 ], [ 4.462656253905553, 51.219880882714136 ], [ 4.462435314389704, 51.219864574554641 ], [ 4.4621927500085, 51.219863374719608 ], [ 4.46202148727673, 51.219873604916174 ], [ 4.461887780593743, 51.219890384573745 ], [ 4.461681219417659, 51.219927904091094 ], [ 4.461522088471074, 51.219956918694251 ], [ 4.461082704005913, 51.220127127912455 ], [ 4.46081340280014, 51.220241698838528 ], [ 4.460592404954919, 51.220304718860007 ], [ 4.460216577716382, 51.2203513835181 ], [ 4.459589522415613, 51.220381864873531 ], [ 4.45925447733745, 51.220358223623649 ], [ 4.459066630056454, 51.220357280763587 ], [ 4.458757012686275, 51.220366758741235 ], [ 4.458326019813181, 51.220383609232634 ], [ 4.45809202972823, 51.220391535634185 ], [ 4.457751332212625, 51.220405385023007 ], [ 4.457594144516763, 51.220412416232826 ], [ 4.457439019770862, 51.220412974030289 ], [ 4.457154593753893, 51.220407948462146 ], [ 4.45698737575157, 51.220401701576215 ], [ 4.456838192889309, 51.220388223232696 ], [ 4.456703390139121, 51.220372289077588 ], [ 4.456469798097935, 51.220333598156763 ], [ 4.456262500242401, 51.220295237709323 ], [ 4.456081546510281, 51.220253369791806 ], [ 4.455963746998464, 51.220221530651628 ], [ 4.455877728030678, 51.220200139273693 ], [ 4.455742587747659, 51.220156475074837 ], [ 4.455620024616061, 51.220118158491019 ], [ 4.455513814856573, 51.220083937381609 ], [ 4.455374844825138, 51.220035547697613 ], [ 4.45525851667646, 51.220009270583084 ], [ 4.453913896271287, 51.219465971249974 ] ] ] } },
{ "type": "Feature", "properties": { "OBJECTID": 36574, "SECCODE": "11002R24-", "SECNAAM": "SCHOTENSTEENWEG", "NISGEMEENTE": "11002", "NISDEELGEMEENTE": "11002R", "NISCODE": "R24-", "OPPERVLAKTE": 253311.20015449999, "shape_Length": 2109.6569005998613, "shape_Area": 253311.20015382295 }, "geometry": { "type": "Polygon", "coordinates": [ [ [ 4.470405831404317, 51.219711738530911 ], [ 4.472213484862658, 51.21938589447042 ], [ 4.473679886717259, 51.219156324177256 ], [ 4.474588314457214, 51.219035945453228 ], [ 4.475271796964227, 51.218945650368951 ], [ 4.47588176642343, 51.218879875834752 ], [ 4.476353336940663, 51.218841396938224 ], [ 4.476842243990209, 51.218811061680029 ], [ 4.477153945751727, 51.218707398854427 ], [ 4.477329965241743, 51.218684190041756 ], [ 4.477761980985544, 51.218606705432606 ], [ 4.478015375193995, 51.21855988314968 ], [ 4.478075840056109, 51.2185513688136 ], [ 4.478135828412173, 51.218547151347472 ], [ 4.478342986699638, 51.218540297890499 ], [ 4.478687035581075, 51.218529621829802 ], [ 4.479006040222309, 51.21851415048652 ], [ 4.480006477206819, 51.218485640028547 ], [ 4.480416814613776, 51.218478230848405 ], [ 4.481079642755958, 51.218466219776907 ], [ 4.481328633861429, 51.218464444482606 ], [ 4.480817123632641, 51.21948494640494 ], [ 4.480790344571211, 51.219538354056162 ], [ 4.480079887896655, 51.22100645727658 ], [ 4.479961175646631, 51.221049246589629 ], [ 4.479412109102698, 51.221214234612788 ], [ 4.479204934412161, 51.221273168700684 ], [ 4.478857494015148, 51.221473342747807 ], [ 4.477855356888631, 51.222108165990633 ], [ 4.477121869669614, 51.222561976555184 ], [ 4.477026817321256, 51.22261950898897 ], [ 4.476883740979321, 51.222701219378941 ], [ 4.476603494020379, 51.222881190821191 ], [ 4.476295588156384, 51.223072557216589 ], [ 4.476112723471126, 51.223188261199113 ], [ 4.475806162053819, 51.22338091040406 ], [ 4.475570444469033, 51.223532624213938 ], [ 4.475405199827223, 51.223649605383862 ], [ 4.475228901092087, 51.223771629831717 ], [ 4.474642246665544, 51.223451301669165 ], [ 4.473734965951569, 51.222947283224258 ], [ 4.473168762615389, 51.222622650913593 ], [ 4.472718475282043, 51.222340689062079 ], [ 4.472479697467341, 51.222195441050751 ], [ 4.472281686093325, 51.221998823923208 ], [ 4.471987904723692, 51.221622594732629 ], [ 4.471345856007328, 51.220878756544792 ], [ 4.470710518332217, 51.220079288641422 ], [ 4.470405831404317, 51.219711738530911 ] ] ] } },
{ "type": "Feature", "properties": { "OBJECTID": 36575, "SECCODE": "11002R099", "SECNAAM": "RIVIERENHOF - NOORD", "NISGEMEENTE": "11002", "NISDEELGEMEENTE": "11002R", "NISCODE": "R099", "OPPERVLAKTE": 1232234.6935405, "shape_Length": 4945.9998227412125, "shape_Area": 1232234.6935388551 }, "geometry": { "type": "Polygon", "coordinates": [ [ [ 4.455755688031385, 51.218035239204895 ], [ 4.45602021636643, 51.217902041302722 ], [ 4.456419489045519, 51.217834330555064 ], [ 4.456814312233069, 51.21777561020027 ], [ 4.456700555760515, 51.217458297016499 ], [ 4.456477847259126, 51.217000055103021 ], [ 4.456544338259321, 51.2165685618222 ], [ 4.456400421222298, 51.216374268156684 ], [ 4.45636071870713, 51.216320672971314 ], [ 4.456211408742509, 51.216119390103422 ], [ 4.456208152198712, 51.216115284828476 ], [ 4.4564020077631, 51.21607853932867 ], [ 4.456697215506545, 51.216002213506002 ], [ 4.456863733449779, 51.215949767010628 ], [ 4.457049140073481, 51.215873531718117 ], [ 4.457268566986165, 51.215775860072249 ], [ 4.457423678992116, 51.215702019982217 ], [ 4.457548516177576, 51.215632957475826 ], [ 4.457616599754591, 51.215597230916707 ], [ 4.457737630069939, 51.215521034292287 ], [ 4.457839730335638, 51.215447233847684 ], [ 4.457911578503646, 51.215397239646883 ], [ 4.458036344775937, 51.215299638460614 ], [ 4.458096824548194, 51.215247270866342 ], [ 4.458161101338981, 51.215197282275589 ], [ 4.458229156740913, 51.215140153966956 ], [ 4.458353884816846, 51.215023523992691 ], [ 4.458463498447161, 51.214921179041127 ], [ 4.458558007059381, 51.214837874019977 ], [ 4.458644934910552, 51.214756947670573 ], [ 4.458750759381994, 51.214656978285831 ], [ 4.458949794126235, 51.21445469395325 ], [ 4.459073113162836, 51.214321912085971 ], [ 4.459145537779315, 51.214238893225939 ], [ 4.459214425346941, 51.214162213879646 ], [ 4.459247640893497, 51.214125209917782 ], [ 4.459775302329069, 51.213495729331136 ], [ 4.460180920020297, 51.2130757895738 ], [ 4.460754820853264, 51.212531388660096 ], [ 4.461205173936917, 51.212170455088021 ], [ 4.461720020754392, 51.211846779616678 ], [ 4.462254761937841, 51.211563497970467 ], [ 4.462878775355604, 51.211292582280521 ], [ 4.463785209695027, 51.210987233932805 ], [ 4.464036816789113, 51.210926735541342 ], [ 4.464377601031804, 51.210843782797561 ], [ 4.464771197241317, 51.210764983469502 ], [ 4.465217830973845, 51.210695649006468 ], [ 4.465694787752747, 51.210640552450322 ], [ 4.466152851863163, 51.210611634966632 ], [ 4.466701834082092, 51.210599295436367 ], [ 4.467234154883976, 51.210605195872404 ], [ 4.468066959004061, 51.210657328245503 ], [ 4.468928812902648, 51.210748358858595 ], [ 4.469182310918007, 51.210784833050845 ], [ 4.469754809163875, 51.210859242516911 ], [ 4.470768483857878, 51.211007124643302 ], [ 4.471623950058713, 51.211135568973745 ], [ 4.472601255705779, 51.211268843061639 ], [ 4.472438648962306, 51.211665996632092 ], [ 4.472442024963368, 51.211678217912457 ], [ 4.472454584943254, 51.211695338763953 ], [ 4.472506555586367, 51.211737844072069 ], [ 4.472618104689517, 51.211820331129573 ], [ 4.472802602870299, 51.211931822038125 ], [ 4.472863723054386, 51.211969968680251 ], [ 4.472930012493592, 51.212015831762891 ], [ 4.473047837912681, 51.21210772372131 ], [ 4.473094878173715, 51.21214644002773 ], [ 4.473122669967493, 51.212172113240698 ], [ 4.47314239956023, 51.212195411680959 ], [ 4.473189054308608, 51.212259835188377 ], [ 4.473250756099307, 51.212352477931269 ], [ 4.473287585051281, 51.212425610934254 ], [ 4.473369438211541, 51.212531574492644 ], [ 4.47344808346445, 51.212598360308803 ], [ 4.473487028252979, 51.21261967309146 ], [ 4.473593390215855, 51.21268487909024 ], [ 4.473690764680647, 51.212730857795812 ], [ 4.473743136365349, 51.212753560689151 ], [ 4.473814982552472, 51.212781450436552 ], [ 4.4739087536069, 51.212815918014009 ], [ 4.474120455058502, 51.212892129872181 ], [ 4.47435136213408, 51.212955677371568 ], [ 4.474454507756786, 51.212983961038574 ], [ 4.474524989600691, 51.213003132810151 ], [ 4.474645353933309, 51.213032515366606 ], [ 4.474867700832191, 51.213063216887136 ], [ 4.475166746282278, 51.213102827958913 ], [ 4.475279698891789, 51.213113826270735 ], [ 4.475378983773635, 51.21311823039234 ], [ 4.475424169666467, 51.213120993751559 ], [ 4.475442275844292, 51.213122244673954 ], [ 4.475643787797387, 51.213140883217797 ], [ 4.475718257033487, 51.213145022005776 ], [ 4.475902763004712, 51.213155388268099 ], [ 4.475972779020123, 51.213164600428506 ], [ 4.476028018064217, 51.213170302582384 ], [ 4.476084617648829, 51.213182609957983 ], [ 4.476254895071282, 51.213228385080093 ], [ 4.47637526629435, 51.213260012973521 ], [ 4.476520675284481, 51.213288813387805 ], [ 4.47666943509019, 51.213312271421778 ], [ 4.476837219622053, 51.213344133916351 ], [ 4.476968983935589, 51.213369998130446 ], [ 4.477093120358389, 51.213383501164088 ], [ 4.477175434335388, 51.213394525918574 ], [ 4.477223964587481, 51.213401357258277 ], [ 4.477351913825055, 51.213417391234387 ], [ 4.477474470373235, 51.213428378569937 ], [ 4.477591875469471, 51.213433465158097 ], [ 4.477666792417108, 51.213432973266563 ], [ 4.477722465842005, 51.213428427424581 ], [ 4.477924103365779, 51.213408294899835 ], [ 4.478063374894472, 51.213388786350045 ], [ 4.478270345187121, 51.213354464541119 ], [ 4.478542830988481, 51.21331418475345 ], [ 4.478775289328586, 51.213274220471547 ], [ 4.478943242245801, 51.21323189836653 ], [ 4.479514618856003, 51.213644208292692 ], [ 4.480070084767945, 51.214303954712747 ], [ 4.480331068387681, 51.21471548459661 ], [ 4.480380484290039, 51.21705007933344 ], [ 4.479872096059548, 51.217070776159638 ], [ 4.480022978854297, 51.218485336774016 ], [ 4.480006477206819, 51.218485640028547 ], [ 4.479006040222309, 51.21851415048652 ], [ 4.478687035581075, 51.218529621829802 ], [ 4.478342986699638, 51.218540297890499 ], [ 4.478135828412173, 51.218547151347472 ], [ 4.478075840056109, 51.2185513688136 ], [ 4.478015375193995, 51.21855988314968 ], [ 4.477761980985544, 51.218606705432606 ], [ 4.477329965241743, 51.218684190041756 ], [ 4.477153945751727, 51.218707398854427 ], [ 4.476842243990209, 51.218811061680029 ], [ 4.476353336940663, 51.218841396938224 ], [ 4.47588176642343, 51.218879875834752 ], [ 4.475271796964227, 51.218945650368951 ], [ 4.474588314457214, 51.219035945453228 ], [ 4.473679886717259, 51.219156324177256 ], [ 4.472213484862658, 51.21938589447042 ], [ 4.470405831404317, 51.219711738530911 ], [ 4.469463407494599, 51.219887851285876 ], [ 4.468925424580927, 51.219986707449564 ], [ 4.468090266302531, 51.220016188825539 ], [ 4.46669165802185, 51.22003108909523 ], [ 4.466671270116336, 51.219892819607615 ], [ 4.466678909350557, 51.219383422716099 ], [ 4.463026078946578, 51.219342846349775 ], [ 4.461032090296268, 51.219350480314141 ], [ 4.461176070562106, 51.219096291931095 ], [ 4.460558825169341, 51.218954867585936 ], [ 4.46103671019385, 51.218265019454208 ], [ 4.461281779061267, 51.217912337261524 ], [ 4.461311491995488, 51.217869618911628 ], [ 4.460412275082562, 51.21791301964975 ], [ 4.459406482224979, 51.217961556408277 ], [ 4.458372825525033, 51.218005018459692 ], [ 4.45730731588717, 51.218052872873017 ], [ 4.457015761211015, 51.21806973911827 ], [ 4.456345677018501, 51.218097197605886 ], [ 4.455873214492585, 51.218099895435195 ], [ 4.455755688031385, 51.218035239204895 ] ] ] } },
{ "type": "Feature", "properties": { "OBJECTID": 36576, "SECCODE": "11002R28-", "SECNAAM": "RUGGEVELD", "NISGEMEENTE": "11002", "NISDEELGEMEENTE": "11002R", "NISCODE": "R28-", "OPPERVLAKTE": 613509.60334150004, "shape_Length": 3626.4256359593105, "shape_Area": 613509.60334207618 }, "geometry": { "type": "Polygon", "coordinates": [ [ [ 4.479872096059548, 51.217070776159638 ], [ 4.480380484290039, 51.21705007933344 ], [ 4.480331068387681, 51.21471548459661 ], [ 4.480590429076637, 51.214452551472043 ], [ 4.48146309085435, 51.214299777353631 ], [ 4.481776587980026, 51.214139032917387 ], [ 4.481778401925166, 51.213949761996815 ], [ 4.482088822511311, 51.213936888187817 ], [ 4.48234925196759, 51.213952357453067 ], [ 4.482584729797646, 51.214005592699195 ], [ 4.482695083689697, 51.214087253408437 ], [ 4.482835398612854, 51.214131151538766 ], [ 4.4830658379693, 51.214171815915549 ], [ 4.483276170848018, 51.214177894021169 ], [ 4.483381236229631, 51.214140058189379 ], [ 4.483431147678464, 51.214073962575149 ], [ 4.483435978872857, 51.21400791094225 ], [ 4.483390835291658, 51.213976504505233 ], [ 4.483315676039234, 51.213954565159895 ], [ 4.483190434468182, 51.213929528603238 ], [ 4.483100225432058, 51.213898165933671 ], [ 4.48307505688654, 51.213847873238514 ], [ 4.483099969423731, 51.213794385865981 ], [ 4.483154913043116, 51.21373771431734 ], [ 4.483224806710226, 51.213655878573221 ], [ 4.483334763194571, 51.213570857778798 ], [ 4.483439711688421, 51.213492133662832 ], [ 4.48355983306188, 51.213466857769163 ], [ 4.483705116773952, 51.21349502028194 ], [ 4.483865632634187, 51.213588603414166 ], [ 4.483968181905745, 51.213644680555618 ], [ 4.484073845643531, 51.213692754854897 ], [ 4.484125095657038, 51.213710816221038 ], [ 4.484262441076241, 51.21372880195819 ], [ 4.484403115052461, 51.213738631761082 ], [ 4.484492828170025, 51.213754560806422 ], [ 4.484732623935917, 51.213788444442592 ], [ 4.484972440510908, 51.21383048905895 ], [ 4.485116354819169, 51.213882443542651 ], [ 4.485234772355157, 51.213936544391998 ], [ 4.485305247008066, 51.213950514434295 ], [ 4.485349939264019, 51.213938533477993 ], [ 4.485445699875916, 51.213872148820336 ], [ 4.48546796700218, 51.213831957449784 ], [ 4.48549334897141, 51.213789803504241 ], [ 4.485547581642403, 51.213747477069198 ], [ 4.485630762862924, 51.213749497664629 ], [ 4.485682027512786, 51.213767423515186 ], [ 4.485774921901204, 51.213807500313592 ], [ 4.485838770814881, 51.213855605674958 ], [ 4.485883833754334, 51.213899801785161 ], [ 4.485928703309574, 51.213958046973659 ], [ 4.485948049900898, 51.214008165099536 ], [ 4.48599917263204, 51.214060354815615 ], [ 4.486088871626371, 51.214070242443803 ], [ 4.486200706017219, 51.214084170652036 ], [ 4.486341361525855, 51.214086133298345 ], [ 4.486750631236726, 51.214107771707305 ], [ 4.486824251143566, 51.214125818429352 ], [ 4.486875517743921, 51.214149783977774 ], [ 4.486891460427359, 51.214177856770348 ], [ 4.486894686907441, 51.214214085852973 ], [ 4.486888530961284, 51.214258189234343 ], [ 4.486882186122569, 51.214312413766287 ], [ 4.486891905633197, 51.214352573249094 ], [ 4.486911226913069, 51.214386673870919 ], [ 4.486965587195642, 51.214394627891139 ], [ 4.487099688625376, 51.214368372587202 ], [ 4.487428908317083, 51.214307926071548 ], [ 4.487674975571191, 51.214257396131757 ], [ 4.487972059145704, 51.214216934905508 ], [ 4.488451641132379, 51.214188358672864 ], [ 4.48869448921151, 51.214194151335228 ], [ 4.488796930102732, 51.214200077989261 ], [ 4.488844819019238, 51.214218005914411 ], [ 4.488861013009068, 51.21425423068326 ], [ 4.488838726531241, 51.214280373806361 ], [ 4.488784459509635, 51.214308518051276 ], [ 4.488691758820366, 51.214344710177663 ], [ 4.488569515694191, 51.214373903403512 ], [ 4.488433298524144, 51.214445104633185 ], [ 4.488416406913747, 51.214487816828566 ], [ 4.488413883387976, 51.214635705875104 ], [ 4.488459107625539, 51.214741138932553 ], [ 4.488482367047326, 51.214747991383483 ], [ 4.488813143967422, 51.214763527536874 ], [ 4.488914674328064, 51.214765527079528 ], [ 4.48912788998515, 51.214811239747782 ], [ 4.48925704595528, 51.214858997711133 ], [ 4.489447726449624, 51.214922979392597 ], [ 4.489578563308319, 51.214929029012907 ], [ 4.489679854108524, 51.214926821564767 ], [ 4.489852979418936, 51.214943074168055 ], [ 4.489974018573647, 51.214967667564189 ], [ 4.490065617095037, 51.215018834023809 ], [ 4.490134430532705, 51.21508041455327 ], [ 4.490137870596243, 51.215115241123378 ], [ 4.490131511019653, 51.215162436887326 ], [ 4.490092234886366, 51.215193235803028 ], [ 4.490027049744346, 51.215238523802384 ], [ 4.489964987705586, 51.215279601964937 ], [ 4.489952139654422, 51.215324835942837 ], [ 4.489965215695001, 51.215366816348038 ], [ 4.490066696630843, 51.215431455235354 ], [ 4.490285991646722, 51.215490776985625 ], [ 4.490446282337217, 51.215556343455596 ], [ 4.490564143160027, 51.215650599764942 ], [ 4.49070156251506, 51.215693574726394 ], [ 4.490851791677444, 51.215676978974948 ], [ 4.491466050271198, 51.215579857722084 ], [ 4.491711044144549, 51.215544627804583 ], [ 4.491845172311198, 51.215528200431081 ], [ 4.492185160178243, 51.215560570790316 ], [ 4.492404109291007, 51.215574803073899 ], [ 4.492681865877788, 51.215578582366334 ], [ 4.492923812595871, 51.215576223789824 ], [ 4.493557926523302, 51.215546897287865 ], [ 4.493786743977666, 51.215569125215637 ], [ 4.493982989273088, 51.215618217824961 ], [ 4.494169269550629, 51.215618019267744 ], [ 4.49445690028306, 51.215642430252586 ], [ 4.494578013226858, 51.215687377619659 ], [ 4.494712123507848, 51.215748894568961 ], [ 4.495262358521358, 51.216123848871831 ], [ 4.495354010360197, 51.21619158580107 ], [ 4.495488489478887, 51.216303373671522 ], [ 4.495801223388531, 51.217323922242464 ], [ 4.495572986135608, 51.217601119556413 ], [ 4.494806128837423, 51.218494466212469 ], [ 4.492580700747552, 51.221041636525293 ], [ 4.48451623280942, 51.21939612377053 ], [ 4.484132181010525, 51.219581932158356 ], [ 4.483935390694477, 51.21968465588197 ], [ 4.483819835818891, 51.219739634275477 ], [ 4.483743732498019, 51.2197852170356 ], [ 4.483660552119265, 51.21983980405448 ], [ 4.483592485676335, 51.219882682336923 ], [ 4.483543351773777, 51.219918396310646 ], [ 4.483490416464266, 51.219956504889126 ], [ 4.483426172124417, 51.220011297960568 ], [ 4.480910385570554, 51.219502411774535 ], [ 4.480817123632641, 51.21948494640494 ], [ 4.481328633861429, 51.218464444482606 ], [ 4.481079642755958, 51.218466219776907 ], [ 4.480416814613776, 51.218478230848405 ], [ 4.480022978854297, 51.218485336774016 ], [ 4.479872096059548, 51.217070776159638 ] ] ] } },
{ "type": "Feature", "properties": { "OBJECTID": 36577, "SECCODE": "11002R29-", "SECNAAM": "ERTBRUGGE VELD", "NISGEMEENTE": "11002", "NISDEELGEMEENTE": "11002R", "NISCODE": "R29-", "OPPERVLAKTE": 350812.11470849998, "shape_Length": 2661.3646253708071, "shape_Area": 350812.11470777821 }, "geometry": { "type": "Polygon", "coordinates": [ [ [ 4.489688230635624, 51.226895970604332 ], [ 4.491843765133953, 51.221883166962023 ], [ 4.49208101152188, 51.221613518160787 ], [ 4.494806128837423, 51.218494466212469 ], [ 4.494878203109968, 51.21851938568755 ], [ 4.495089126704001, 51.218613681351023 ], [ 4.495099198765459, 51.21861746363701 ], [ 4.495275805286452, 51.218676399486085 ], [ 4.49545437240048, 51.218714129305866 ], [ 4.495608960333867, 51.218734042739015 ], [ 4.495787666450243, 51.218743961774067 ], [ 4.495843848559728, 51.218761455425486 ], [ 4.495910103268608, 51.218782875080826 ], [ 4.495814301559101, 51.218999680128412 ], [ 4.495724487517976, 51.219192470583181 ], [ 4.495694513183363, 51.219191235579437 ], [ 4.49567649059887, 51.219221590901675 ], [ 4.495606643676454, 51.21936267636886 ], [ 4.495511017430805, 51.219555607728324 ], [ 4.495468926468798, 51.219624890768358 ], [ 4.495419003678644, 51.219688007194662 ], [ 4.495304994032621, 51.219785033924374 ], [ 4.495762800438619, 51.219954618907778 ], [ 4.496013755357813, 51.220045076528507 ], [ 4.496212545802678, 51.220116768451227 ], [ 4.496317109187824, 51.220160752172994 ], [ 4.496644475362815, 51.220305190774859 ], [ 4.496648553109195, 51.220325410243852 ], [ 4.496879414716911, 51.220430916475877 ], [ 4.497019879795181, 51.220434556460717 ], [ 4.497114424186396, 51.220498774303216 ], [ 4.497263303153376, 51.220635819649196 ], [ 4.497393961888894, 51.220731466184439 ], [ 4.4975991335014, 51.220924069725903 ], [ 4.497744042196278, 51.221083877423204 ], [ 4.497862766163738, 51.221231067005554 ], [ 4.497903077911826, 51.221330596223027 ], [ 4.497525958307881, 51.222602589145609 ], [ 4.497463111475235, 51.222841695273189 ], [ 4.497394388363702, 51.223062830987672 ], [ 4.497177426233035, 51.223867241434931 ], [ 4.496863234078816, 51.224936366261929 ], [ 4.496908649621809, 51.225100489637747 ], [ 4.496932250101829, 51.225145549657185 ], [ 4.496873223792218, 51.225474534897877 ], [ 4.496848479460414, 51.225668369367142 ], [ 4.496780092508203, 51.226091598877744 ], [ 4.4967366260103, 51.226307088685772 ], [ 4.496684999685471, 51.226647157286592 ], [ 4.496590794864293, 51.22720370325127 ], [ 4.496524919499264, 51.227324407841678 ], [ 4.496486412296051, 51.227392284946603 ], [ 4.496378895784893, 51.227581580017244 ], [ 4.496347995404028, 51.22764635681412 ], [ 4.495462284779043, 51.227503365512405 ], [ 4.494561682207332, 51.227393802289072 ], [ 4.494033390749051, 51.227324984966828 ], [ 4.493273821265661, 51.227249947756931 ], [ 4.492654938206494, 51.227177993337811 ], [ 4.491623549728117, 51.227084284112472 ], [ 4.489879998700522, 51.226913345484952 ], [ 4.489688230635624, 51.226895970604332 ] ] ] } },
{ "type": "Feature", "properties": { "OBJECTID": 36578, "SECCODE": "11002R33-", "SECNAAM": "KRIEKENHOF", "NISGEMEENTE": "11002", "NISDEELGEMEENTE": "11002R", "NISCODE": "R33-", "OPPERVLAKTE": 230799.15557549999, "shape_Length": 2167.2017552898078, "shape_Area": 230799.15557604196 }, "geometry": { "type": "Polygon", "coordinates": [ [ [ 4.452598599310448, 51.204669745704742 ], [ 4.452747746087002, 51.204447417504902 ], [ 4.452975599278509, 51.204232169406758 ], [ 4.453032507823751, 51.204148481987211 ], [ 4.453222695676445, 51.203993905539612 ], [ 4.453435800710619, 51.203782936653816 ], [ 4.453605190650304, 51.203617516537506 ], [ 4.453984023870545, 51.203322726084203 ], [ 4.453448160140597, 51.202960771867453 ], [ 4.453508678423601, 51.202880676949881 ], [ 4.453590307261835, 51.202835531815083 ], [ 4.453798768104091, 51.202748264665601 ], [ 4.454006824770664, 51.202667253404201 ], [ 4.454222481351997, 51.202595755008474 ], [ 4.454502664772485, 51.202516532898542 ], [ 4.454603314704929, 51.202491039886532 ], [ 4.454811707468708, 51.202438250706962 ], [ 4.454952348413352, 51.202405914786034 ], [ 4.455855169100479, 51.202190881868603 ], [ 4.456231748210214, 51.20209482052352 ], [ 4.456396677438964, 51.202060451341396 ], [ 4.456678405375776, 51.201992027025149 ], [ 4.457129694813159, 51.201873525504283 ], [ 4.457384605795304, 51.201796257083977 ], [ 4.457781800911451, 51.201650918437295 ], [ 4.458024758149286, 51.201548903482106 ], [ 4.458296996160499, 51.201421985610644 ], [ 4.458568559163534, 51.201279760271916 ], [ 4.458789207384764, 51.201148125851496 ], [ 4.459001224535672, 51.201007823786959 ], [ 4.459203876820861, 51.200856760377313 ], [ 4.459398055910746, 51.200697325911072 ], [ 4.459620583231946, 51.20049058983453 ], [ 4.460027240779226, 51.200103221795331 ], [ 4.460085528362316, 51.200415696369348 ], [ 4.460210478703883, 51.20079598181799 ], [ 4.460444089403354, 51.201166438699971 ], [ 4.460716306487208, 51.201429578539113 ], [ 4.460951022137594, 51.201654375469978 ], [ 4.460868106716826, 51.201774553403311 ], [ 4.460873853107397, 51.20190137605892 ], [ 4.460864321543162, 51.20200784285705 ], [ 4.460826490725006, 51.202172406297422 ], [ 4.460795895608316, 51.20227035057416 ], [ 4.460749928159283, 51.202379758191299 ], [ 4.460696049549805, 51.202496964979325 ], [ 4.460609399118038, 51.202646717641386 ], [ 4.46051447677868, 51.202781286210417 ], [ 4.460456129459354, 51.202853320384946 ], [ 4.46032479522141, 51.202996285501797 ], [ 4.459736154439201, 51.203547672903305 ], [ 4.459588776753765, 51.203683341991194 ], [ 4.458666753634041, 51.204552094142308 ], [ 4.458500187523289, 51.20470525905759 ], [ 4.458380064678988, 51.20482116708024 ], [ 4.458228322139977, 51.204982751431331 ], [ 4.458110315793101, 51.205113605340827 ], [ 4.457979129436147, 51.205266086369143 ], [ 4.457945157202595, 51.205316052022447 ], [ 4.457684686317998, 51.205703894550659 ], [ 4.457659760033183, 51.205748244463386 ], [ 4.457563950632502, 51.205920400840284 ], [ 4.457499549955672, 51.206041227323325 ], [ 4.457411364434921, 51.206264881571222 ], [ 4.457391977101148, 51.206325217671633 ], [ 4.457369694607592, 51.206398031914496 ], [ 4.457330693404943, 51.206535054239474 ], [ 4.457292838938186, 51.206673253164389 ], [ 4.457263616042012, 51.206820757581802 ], [ 4.457242956706382, 51.206926998575973 ], [ 4.456965611915418, 51.206900430939321 ], [ 4.456700321744341, 51.206884621765759 ], [ 4.456013839989676, 51.206842430484549 ], [ 4.454611224663953, 51.206754048833254 ], [ 4.454080114934804, 51.206720577077832 ], [ 4.45366926938625, 51.206693199941782 ], [ 4.453044401020412, 51.20665535111192 ], [ 4.453060708238979, 51.206574119823486 ], [ 4.453060299954527, 51.20635008318478 ], [ 4.452967140200355, 51.206077719408142 ], [ 4.452836940488138, 51.205665890422686 ], [ 4.452598599310448, 51.204669745704742 ] ] ] } },
{ "type": "Feature", "properties": { "OBJECTID": 36579, "SECCODE": "11002R32-", "SECNAAM": "ARENA", "NISGEMEENTE": "11002", "NISDEELGEMEENTE": "11002R", "NISCODE": "R32-", "OPPERVLAKTE": 193081.0632185, "shape_Length": 1939.4415453991612, "shape_Area": 193081.06321813277 }, "geometry": { "type": "Polygon", "coordinates": [ [ [ 4.457242956706382, 51.206926998575973 ], [ 4.457263616042012, 51.206820757581802 ], [ 4.457292838938186, 51.206673253164389 ], [ 4.457330693404943, 51.206535054239474 ], [ 4.457369694607592, 51.206398031914496 ], [ 4.457391977101148, 51.206325217671633 ], [ 4.457411364434921, 51.206264881571222 ], [ 4.457499549955672, 51.206041227323325 ], [ 4.457563950632502, 51.205920400840284 ], [ 4.457659760033183, 51.205748244463386 ], [ 4.457684686317998, 51.205703894550659 ], [ 4.457945157202595, 51.205316052022447 ], [ 4.457979129436147, 51.205266086369143 ], [ 4.458110315793101, 51.205113605340827 ], [ 4.458228322139977, 51.204982751431331 ], [ 4.458380064678988, 51.20482116708024 ], [ 4.458500187523289, 51.20470525905759 ], [ 4.458666753634041, 51.204552094142308 ], [ 4.459588776753765, 51.203683341991194 ], [ 4.459736154439201, 51.203547672903305 ], [ 4.46032479522141, 51.202996285501797 ], [ 4.460456129459354, 51.202853320384946 ], [ 4.46051447677868, 51.202781286210417 ], [ 4.460609399118038, 51.202646717641386 ], [ 4.460696049549805, 51.202496964979325 ], [ 4.460749928159283, 51.202379758191299 ], [ 4.460795895608316, 51.20227035057416 ], [ 4.460826490725006, 51.202172406297422 ], [ 4.460864321543162, 51.20200784285705 ], [ 4.460873853107397, 51.20190137605892 ], [ 4.460868106716826, 51.201774553403311 ], [ 4.460951022137594, 51.201654375469978 ], [ 4.461054049567081, 51.201718939456789 ], [ 4.461270969982559, 51.201865064754131 ], [ 4.461536684375706, 51.20204177474546 ], [ 4.461926962189686, 51.202218385265489 ], [ 4.462338870260069, 51.202377962083574 ], [ 4.462750663751813, 51.202479705813026 ], [ 4.463157022987402, 51.202567834964391 ], [ 4.463601242965711, 51.20263551933084 ], [ 4.464037285159651, 51.202670832244621 ], [ 4.463966868052025, 51.202749996818547 ], [ 4.463852807870132, 51.202882848826491 ], [ 4.463741374414674, 51.203027086964603 ], [ 4.463649192171048, 51.203217042682738 ], [ 4.463599360193087, 51.203364871154633 ], [ 4.463606205543552, 51.203507584304717 ], [ 4.463634716671184, 51.203589122487472 ], [ 4.463906868257713, 51.204145934528029 ], [ 4.464315197531473, 51.205007289526598 ], [ 4.464376863557725, 51.205137374058303 ], [ 4.463235897602845, 51.205356969276139 ], [ 4.46278346012019, 51.205440520808509 ], [ 4.462881943906409, 51.206080059695459 ], [ 4.462778235162359, 51.206397641683211 ], [ 4.462598647066289, 51.206702268987542 ], [ 4.46258816644994, 51.206720254255849 ], [ 4.462544708859641, 51.206790228076699 ], [ 4.462607547641993, 51.207013064237657 ], [ 4.462619927915312, 51.207056872989085 ], [ 4.462632538577929, 51.207101382652631 ], [ 4.462645380506013, 51.207147024672643 ], [ 4.462658206710049, 51.207191956616185 ], [ 4.462498799536219, 51.207295999452818 ], [ 4.462207099567016, 51.207468945037277 ], [ 4.462144614019754, 51.207484418953307 ], [ 4.461674442129474, 51.207605093536927 ], [ 4.461389889344552, 51.207676695753484 ], [ 4.461293353406865, 51.20769524317906 ], [ 4.461251442987961, 51.207695914407779 ], [ 4.461198436319849, 51.207693286619644 ], [ 4.461140830139348, 51.207687525464429 ], [ 4.460857254773047, 51.2076325414331 ], [ 4.46077570640363, 51.207618080107082 ], [ 4.460676518098741, 51.207598059714954 ], [ 4.460610179782945, 51.207597644275886 ], [ 4.460407447798381, 51.207619770582404 ], [ 4.459864583612854, 51.207699138916368 ], [ 4.459729858107656, 51.20771893714646 ], [ 4.459615590910568, 51.207729506228276 ], [ 4.459454741488274, 51.207729936312901 ], [ 4.459377195265111, 51.207720378616088 ], [ 4.459225668771842, 51.207688083267698 ], [ 4.459140727039705, 51.207665021495082 ], [ 4.458986750936544, 51.207616467640648 ], [ 4.458900219579561, 51.2075485276387 ], [ 4.458827810940825, 51.207494940254755 ], [ 4.458666341705088, 51.207382142364303 ], [ 4.458569349814871, 51.207313446115094 ], [ 4.458484482859492, 51.207254627794484 ], [ 4.458400559210606, 51.207195134557765 ], [ 4.458296395844824, 51.207124672838169 ], [ 4.458185825441674, 51.207048409377407 ], [ 4.458155268972641, 51.207030141193833 ], [ 4.458093420580102, 51.207005443140275 ], [ 4.458074909113858, 51.207000315850344 ], [ 4.458012423366526, 51.206993810845098 ], [ 4.457918031909459, 51.206989064835362 ], [ 4.457531404662384, 51.206967992595075 ], [ 4.45736062781697, 51.206953695290586 ], [ 4.457242956706382, 51.206926998575973 ] ] ] } },
{ "type": "Feature", "properties": { "OBJECTID": 36580, "SECCODE": "11002R41-", "SECNAAM": "DRAKENHOF", "NISGEMEENTE": "11002", "NISDEELGEMEENTE": "11002R", "NISCODE": "R41-", "OPPERVLAKTE": 507335.40428199997, "shape_Length": 4444.5351481676835, "shape_Area": 507335.40428183362 }, "geometry": { "type": "Polygon", "coordinates": [ [ [ 4.45754110661298, 51.194012759299284 ], [ 4.458947697224518, 51.193434957480456 ], [ 4.459384052997219, 51.193288890682759 ], [ 4.459516615079027, 51.19337611133011 ], [ 4.460308139624338, 51.193944862856142 ], [ 4.461152744865945, 51.193762561141703 ], [ 4.46139712145947, 51.19365058753187 ], [ 4.462320142630368, 51.193761635699246 ], [ 4.463596658389172, 51.192754627750816 ], [ 4.464152852885308, 51.192900877928658 ], [ 4.463909838605716, 51.192292176856881 ], [ 4.463911374184015, 51.192287645410651 ], [ 4.463922492480527, 51.192254630643632 ], [ 4.464363146455414, 51.192207927661777 ], [ 4.464580128472024, 51.192185836675506 ], [ 4.464682913377533, 51.192175496801369 ], [ 4.464763587932278, 51.192167287230667 ], [ 4.464933417739839, 51.19215001605302 ], [ 4.465105035177821, 51.192132599347111 ], [ 4.465270846066098, 51.192115753443908 ], [ 4.465486039752411, 51.192093940907206 ], [ 4.465715520440452, 51.192070722955094 ], [ 4.465802001040742, 51.192061941601168 ], [ 4.465887809300868, 51.192053160740507 ], [ 4.465987475865682, 51.192043109944052 ], [ 4.466070824301662, 51.192034618620774 ], [ 4.46615484499562, 51.192026117692031 ], [ 4.466237306781183, 51.192017761814661 ], [ 4.466324001751165, 51.192008979900223 ], [ 4.466424341325101, 51.191999350634553 ], [ 4.466983044830115, 51.191952701338579 ], [ 4.467141471094807, 51.191530648614012 ], [ 4.4671530359508, 51.191432915981046 ], [ 4.470061560983651, 51.191412526964207 ], [ 4.470888975992393, 51.191152968040257 ], [ 4.47090019525282, 51.191148652785571 ], [ 4.470900797354001, 51.191149254490902 ], [ 4.473470993641869, 51.190342923305415 ], [ 4.473679593393163, 51.190421260576478 ], [ 4.474386558906184, 51.190537477040905 ], [ 4.474417869063597, 51.190543201502877 ], [ 4.474428229469357, 51.19054509773909 ], [ 4.474594282278596, 51.190575491067122 ], [ 4.47509658801394, 51.190622082929409 ], [ 4.475283800764366, 51.190678936241696 ], [ 4.475839814056436, 51.190853005039791 ], [ 4.475846909185223, 51.190921248249126 ], [ 4.475826370269962, 51.191225473758806 ], [ 4.475804545298342, 51.191356950455315 ], [ 4.475781577889188, 51.191476913916532 ], [ 4.475753006404146, 51.19158592549671 ], [ 4.475707022748892, 51.19171195017752 ], [ 4.475659033624508, 51.191836844109723 ], [ 4.475623679065318, 51.191913844795096 ], [ 4.475548745686022, 51.192084694411172 ], [ 4.475460548126103, 51.192316228367467 ], [ 4.475428014265194, 51.192357407263579 ], [ 4.47537192329162, 51.192362374923 ], [ 4.475285234533002, 51.192373410593447 ], [ 4.475173487216118, 51.192379543222714 ], [ 4.475054795582253, 51.192376567700599 ], [ 4.474993103556258, 51.192371841665668 ], [ 4.474929564476642, 51.19234760324666 ], [ 4.474516206295637, 51.192109358786674 ], [ 4.474370123325895, 51.192251202923821 ], [ 4.474271998340837, 51.192340897470729 ], [ 4.474217049213497, 51.192357377817387 ], [ 4.473032215002221, 51.192451125666643 ], [ 4.472922277817519, 51.192460921863962 ], [ 4.472874255248409, 51.192479076286276 ], [ 4.47283182321882, 51.192496111158874 ], [ 4.472799023472391, 51.192515519429563 ], [ 4.472810957241855, 51.192657356270708 ], [ 4.472836172608641, 51.192738517987088 ], [ 4.472920509283078, 51.192972422633176 ], [ 4.472947049427527, 51.193044585660182 ], [ 4.473057469404266, 51.193344056048012 ], [ 4.473516180894309, 51.194558360981006 ], [ 4.473636509976894, 51.194688298964699 ], [ 4.473684619800206, 51.194815227331432 ], [ 4.473810212630288, 51.195095861369445 ], [ 4.473575990174413, 51.195108286091354 ], [ 4.473682711042935, 51.195254819906225 ], [ 4.473907840855496, 51.195566123377283 ], [ 4.473982310662048, 51.195683751853196 ], [ 4.473417606369994, 51.195845483083744 ], [ 4.473763002119559, 51.196262716592379 ], [ 4.47390984101451, 51.196447693934864 ], [ 4.472740519567132, 51.196730614245368 ], [ 4.472764978680421, 51.196767103780019 ], [ 4.472984382541605, 51.197120830531965 ], [ 4.473012622094276, 51.197152408944724 ], [ 4.473026985894472, 51.197178094245857 ], [ 4.473055693332828, 51.197220485370842 ], [ 4.472949643982936, 51.197278303547535 ], [ 4.472732595461886, 51.197381575850571 ], [ 4.472283799652253, 51.19750331694555 ], [ 4.471572082695495, 51.197715171673089 ], [ 4.470794541335183, 51.197877364076597 ], [ 4.470461463517197, 51.197968526638256 ], [ 4.470621898400622, 51.198250391905752 ], [ 4.470649319228517, 51.198313431236919 ], [ 4.470397761140998, 51.198380928064971 ], [ 4.470278897942323, 51.198410944573581 ], [ 4.47023317840534, 51.198556336705302 ], [ 4.470202852524493, 51.198695270772731 ], [ 4.470244077685857, 51.198842700005628 ], [ 4.470259673003965, 51.198921614289013 ], [ 4.470238714715667, 51.198941577829267 ], [ 4.470246994568473, 51.198952977040364 ], [ 4.470177652238593, 51.198966762373367 ], [ 4.469969442336432, 51.199009637336886 ], [ 4.469657383624743, 51.199086784408493 ], [ 4.469372186477892, 51.199161516695646 ], [ 4.4691732880561, 51.199210746106175 ], [ 4.469003692922912, 51.199248453902101 ], [ 4.468861186997467, 51.199031171401316 ], [ 4.468857231317644, 51.198955069391722 ], [ 4.468803551560681, 51.198874857103746 ], [ 4.468698454961321, 51.19878164631259 ], [ 4.468574441245135, 51.198673126171052 ], [ 4.468447096793587, 51.19855892801008 ], [ 4.468263815262922, 51.198398261802353 ], [ 4.468029185318553, 51.198182215821014 ], [ 4.467811880046285, 51.197985129404877 ], [ 4.467766622848148, 51.197935236621753 ], [ 4.467722976260697, 51.197882493115706 ], [ 4.467679046252728, 51.197817570448095 ], [ 4.467636819926074, 51.19774647124477 ], [ 4.467609404266847, 51.197677085336679 ], [ 4.467586625137934, 51.197608288755141 ], [ 4.467577967346718, 51.197540019585198 ], [ 4.467571940464294, 51.197464368658729 ], [ 4.467572750264909, 51.197341001140487 ], [ 4.467576848063793, 51.197216516276406 ], [ 4.467572644712238, 51.197063490992576 ], [ 4.467567783111304, 51.196937197987126 ], [ 4.467568508807304, 51.196807934072908 ], [ 4.467569409319951, 51.196666733305307 ], [ 4.467570646701921, 51.196529208534379 ], [ 4.467571082852897, 51.196405050300136 ], [ 4.467570948157856, 51.196315075730368 ], [ 4.467574383701262, 51.196255730891707 ], [ 4.467559228685274, 51.196172779979165 ], [ 4.467538666905682, 51.196029790561347 ], [ 4.46752533177109, 51.195921373737846 ], [ 4.467512173009935, 51.195821846368318 ], [ 4.467491835743626, 51.195730360736775 ], [ 4.467482057630552, 51.195626192455265 ], [ 4.467465537219451, 51.195533364317214 ], [ 4.467453929544726, 51.195429871700782 ], [ 4.467434872323508, 51.195321324827773 ], [ 4.467420372595424, 51.19523681830934 ], [ 4.467424349529126, 51.195189814183749 ], [ 4.466913047030441, 51.19512965163495 ], [ 4.466816226296742, 51.195135521171593 ], [ 4.466621937597105, 51.195125328645837 ], [ 4.466414053605638, 51.195105853024423 ], [ 4.466222061118827, 51.195085456000754 ], [ 4.466071195417402, 51.195071244592775 ], [ 4.465946835620282, 51.195056067248274 ], [ 4.465271759643951, 51.194936529379696 ], [ 4.464400905570311, 51.194782658610009 ], [ 4.464194127779863, 51.194743439468198 ], [ 4.463880904998061, 51.19469032024265 ], [ 4.463695985604391, 51.194657662073247 ], [ 4.463529277572725, 51.194632260587298 ], [ 4.463333608463219, 51.194610198970246 ], [ 4.463116067221991, 51.194595336424847 ], [ 4.462916410411346, 51.194588872346536 ], [ 4.462764268284128, 51.19459290436577 ], [ 4.462531403971234, 51.194605090386808 ], [ 4.462339812803348, 51.19462568321449 ], [ 4.462175629929301, 51.194646092112627 ], [ 4.462011963812794, 51.194674554053876 ], [ 4.461824733099946, 51.194715438576999 ], [ 4.46163206195402, 51.19476854246097 ], [ 4.461476046221645, 51.194817347528314 ], [ 4.461319060670588, 51.194874943891243 ], [ 4.461178060894188, 51.194936104864951 ], [ 4.461062651846208, 51.194989506446802 ], [ 4.460957332323883, 51.195045174069776 ], [ 4.460857295748852, 51.195103111535232 ], [ 4.460752617412297, 51.195164944568681 ], [ 4.460662515814278, 51.195226676201067 ], [ 4.46058120732213, 51.195293353532819 ], [ 4.460519190537696, 51.195335288399619 ], [ 4.460472775034939, 51.195374262811477 ], [ 4.460397116421112, 51.195440809755183 ], [ 4.460149805910627, 51.195659557666595 ], [ 4.459936745959719, 51.195837380830483 ], [ 4.459611787508689, 51.196118262362646 ], [ 4.459464460896711, 51.196268205366927 ], [ 4.45754110661298, 51.194012759299284 ] ] ] } },
{ "type": "Feature", "properties": { "OBJECTID": 36581, "SECCODE": "11002R47-", "SECNAAM": "VLIEGVELD", "NISGEMEENTE": "11002", "NISDEELGEMEENTE": "11002R", "NISCODE": "R47-", "OPPERVLAKTE": 1208230.7355545, "shape_Length": 5705.1408037508318, "shape_Area": 1208230.7355534153 }, "geometry": { "type": "Polygon", "coordinates": [ [ [ 4.449028074906486, 51.190409507349266 ], [ 4.449078744636072, 51.190115944221255 ], [ 4.449217321478069, 51.189483418276957 ], [ 4.449196514541811, 51.189083165604423 ], [ 4.449184107326017, 51.188882236148672 ], [ 4.449170572817073, 51.188559360418878 ], [ 4.449180458193664, 51.188330002953542 ], [ 4.449244427584951, 51.188102720616683 ], [ 4.449287982820124, 51.188087383256267 ], [ 4.449371625936344, 51.18786454560113 ], [ 4.449384678123013, 51.187786902886721 ], [ 4.449574358862994, 51.187373300834373 ], [ 4.449803712148664, 51.186894225629466 ], [ 4.450049739759951, 51.186367490218636 ], [ 4.45017720496207, 51.186285974766434 ], [ 4.450242379706965, 51.18624393512161 ], [ 4.450509796180286, 51.186065668399273 ], [ 4.450302800086176, 51.186036321360014 ], [ 4.450200152765564, 51.18599705903582 ], [ 4.450146233663703, 51.185965465932533 ], [ 4.450160221605757, 51.18590857690198 ], [ 4.450389526966694, 51.185920533852197 ], [ 4.450657275617816, 51.185931294981195 ], [ 4.451787258785351, 51.185976287091322 ], [ 4.451854081338081, 51.185976797005488 ], [ 4.451951482845707, 51.185961420447086 ], [ 4.452121714533715, 51.185923098268596 ], [ 4.45261052342607, 51.18571250813163 ], [ 4.452690473905186, 51.185680703456498 ], [ 4.452860628159635, 51.185608538506159 ], [ 4.453023861299049, 51.185537358034011 ], [ 4.453157168774432, 51.185479394032548 ], [ 4.453159169324489, 51.185478412843445 ], [ 4.45317793249525, 51.185469689455957 ], [ 4.453255632347023, 51.185435504059733 ], [ 4.453406147498767, 51.185371073610781 ], [ 4.453628334190458, 51.185276955944559 ], [ 4.453818575473632, 51.185194375338284 ], [ 4.454118915211485, 51.185065225668851 ], [ 4.454783233873897, 51.184791156402753 ], [ 4.454739580739214, 51.184751162568261 ], [ 4.454673553789027, 51.184692920453202 ], [ 4.454698122254152, 51.184683770104797 ], [ 4.454848602504996, 51.184610636936405 ], [ 4.454938796276181, 51.184566886446333 ], [ 4.455055555427142, 51.18450360225399 ], [ 4.45507985691871, 51.184474093026935 ], [ 4.455130316881736, 51.184444555530483 ], [ 4.455176395285258, 51.184473599421082 ], [ 4.455813723396965, 51.184586185341658 ], [ 4.455798904074641, 51.184668639038911 ], [ 4.456593427431253, 51.184590376533997 ], [ 4.457272459128841, 51.184542397371295 ], [ 4.457279173541386, 51.184545906811827 ], [ 4.457289910872474, 51.184551516527144 ], [ 4.457308675237114, 51.184551493365134 ], [ 4.457365213410846, 51.184552439378571 ], [ 4.457653945154711, 51.184552499417698 ], [ 4.457701329962068, 51.184553443222839 ], [ 4.457748702645941, 51.184555519571539 ], [ 4.457796105019776, 51.184565595660558 ], [ 4.457955294334465, 51.184606057804345 ], [ 4.458223287491822, 51.184753750671092 ], [ 4.458640225766091, 51.184835029513955 ], [ 4.459022899314466, 51.184880657842541 ], [ 4.45923996972725, 51.184919959097698 ], [ 4.459406622560668, 51.185009149265191 ], [ 4.459536913313169, 51.185241069052225 ], [ 4.459675302825453, 51.185496010974411 ], [ 4.459878601508583, 51.18568699394082 ], [ 4.460262625973033, 51.185963379338226 ], [ 4.460953602158619, 51.18651885854554 ], [ 4.46127284847721, 51.186910029845507 ], [ 4.461634844123192, 51.187333048624467 ], [ 4.461878643944644, 51.187541972963515 ], [ 4.462496427359945, 51.188018294212952 ], [ 4.462549292314598, 51.188082016421191 ], [ 4.462669954531528, 51.188068014642667 ], [ 4.462660925700478, 51.188136837885622 ], [ 4.462748271630591, 51.188113739362784 ], [ 4.463769323143518, 51.187870083146102 ], [ 4.464728467683695, 51.187623107038561 ], [ 4.465255869683046, 51.187501608119746 ], [ 4.465758889591757, 51.187376756311345 ], [ 4.465814604286248, 51.187406201530884 ], [ 4.46589568521802, 51.187384364247244 ], [ 4.466274951113832, 51.18728587707286 ], [ 4.466350860084821, 51.187253374412123 ], [ 4.466959122896623, 51.187010599477802 ], [ 4.467439215744066, 51.186823406361697 ], [ 4.467599087394501, 51.186760487019583 ], [ 4.467745657436977, 51.186744633548727 ], [ 4.46842766740119, 51.186821869711146 ], [ 4.468395361933861, 51.186451534441787 ], [ 4.468359957356141, 51.185989923367735 ], [ 4.468376015135793, 51.185974746108684 ], [ 4.468371859043743, 51.185910985106148 ], [ 4.46879269876149, 51.185931408497524 ], [ 4.470032668766567, 51.185981327658588 ], [ 4.472162877593468, 51.186088734292035 ], [ 4.472260456435141, 51.186155648670308 ], [ 4.472432231622046, 51.186315744303592 ], [ 4.472637572732014, 51.186499683467936 ], [ 4.472859433696652, 51.186676587582447 ], [ 4.472966110852912, 51.186711467219297 ], [ 4.472638552267449, 51.186936749088069 ], [ 4.472167770749351, 51.187179297405706 ], [ 4.471770650355226, 51.187385681324194 ], [ 4.471261035300644, 51.1876578861905 ], [ 4.470945904256058, 51.187856609347804 ], [ 4.470168408500876, 51.188475387596739 ], [ 4.470014943337917, 51.188610770188085 ], [ 4.470298219856137, 51.188759959335854 ], [ 4.471127916513535, 51.189212034478636 ], [ 4.471900562416493, 51.189627777408475 ], [ 4.472546962815365, 51.189947980281275 ], [ 4.472994213208142, 51.19016387426813 ], [ 4.473470993641869, 51.190342923305415 ], [ 4.470900797354001, 51.191149254490902 ], [ 4.47090019525282, 51.191148652785571 ], [ 4.470888975992393, 51.191152968040257 ], [ 4.470061560983651, 51.191412526964207 ], [ 4.4671530359508, 51.191432915981046 ], [ 4.467141471094807, 51.191530648614012 ], [ 4.466983044830115, 51.191952701338579 ], [ 4.466424341325101, 51.191999350634553 ], [ 4.466324001751165, 51.192008979900223 ], [ 4.466237306781183, 51.192017761814661 ], [ 4.46615484499562, 51.192026117692031 ], [ 4.466070824301662, 51.192034618620774 ], [ 4.465987475865682, 51.192043109944052 ], [ 4.465887809300868, 51.192053160740507 ], [ 4.465802001040742, 51.192061941601168 ], [ 4.465715520440452, 51.192070722955094 ], [ 4.465486039752411, 51.192093940907206 ], [ 4.465270846066098, 51.192115753443908 ], [ 4.465105035177821, 51.192132599347111 ], [ 4.464933417739839, 51.19215001605302 ], [ 4.464763587932278, 51.192167287230667 ], [ 4.464682913377533, 51.192175496801369 ], [ 4.464580128472024, 51.192185836675506 ], [ 4.464363146455414, 51.192207927661777 ], [ 4.463922492480527, 51.192254630643632 ], [ 4.463911374184015, 51.192287645410651 ], [ 4.463909838605716, 51.192292176856881 ], [ 4.464152852885308, 51.192900877928658 ], [ 4.463596658389172, 51.192754627750816 ], [ 4.462320142630368, 51.193761635699246 ], [ 4.46139712145947, 51.19365058753187 ], [ 4.461152744865945, 51.193762561141703 ], [ 4.460308139624338, 51.193944862856142 ], [ 4.459516615079027, 51.19337611133011 ], [ 4.459384052997219, 51.193288890682759 ], [ 4.458947697224518, 51.193434957480456 ], [ 4.45754110661298, 51.194012759299284 ], [ 4.457342876449733, 51.194084790163956 ], [ 4.457027296103899, 51.194191730496762 ], [ 4.456630450614649, 51.194338316208224 ], [ 4.45598171468956, 51.194582397591105 ], [ 4.4558361120226, 51.194633398630849 ], [ 4.455606535221456, 51.19471381812005 ], [ 4.455090749371717, 51.19490791890685 ], [ 4.454820681575495, 51.195009130067717 ], [ 4.454811282680081, 51.194955125175582 ], [ 4.454729333850056, 51.194873866502434 ], [ 4.454203512912912, 51.194214864777486 ], [ 4.453617761912115, 51.194386494000945 ], [ 4.452214498161249, 51.194751535260295 ], [ 4.451744641524754, 51.194863101407911 ], [ 4.450349206388744, 51.192075403191758 ], [ 4.450044902405158, 51.192039705691734 ], [ 4.449868759056828, 51.191771323522154 ], [ 4.449955649097909, 51.191733655477407 ], [ 4.449959136702207, 51.19173214299331 ], [ 4.450024171932265, 51.191703954926723 ], [ 4.44989307945626, 51.191552832359818 ], [ 4.449797973161553, 51.191538157057458 ], [ 4.44979252175696, 51.191537315909876 ], [ 4.449752129852211, 51.191531078861772 ], [ 4.449434321884659, 51.191345020600068 ], [ 4.449701142788784, 51.191241181226403 ], [ 4.449482024226692, 51.19093389891146 ], [ 4.44911498839005, 51.190509912196575 ], [ 4.449028074906486, 51.190409507349266 ] ] ] } },
{ "type": "Feature", "properties": { "OBJECTID": 36642, "SECCODE": "11002R172", "SECNAAM": "KANAAL", "NISGEMEENTE": "11002", "NISDEELGEMEENTE": "11002R", "NISCODE": "R172", "OPPERVLAKTE": 174479.89376050001, "shape_Length": 2568.9503946792493, "shape_Area": 174479.8937602418 }, "geometry": { "type": "Polygon", "coordinates": [ [ [ 4.442675376261682, 51.235154138389554 ], [ 4.442675390536198, 51.235154111415497 ], [ 4.442919058071315, 51.234357680256664 ], [ 4.442927211705482, 51.234290738904029 ], [ 4.442927211676608, 51.234290720927397 ], [ 4.442964149819521, 51.233987322958285 ], [ 4.443399519182845, 51.234054737646183 ], [ 4.443786307577984, 51.234225772508154 ], [ 4.443816532375649, 51.234173414026579 ], [ 4.444093267701415, 51.23424935872773 ], [ 4.444165382392718, 51.234318297881387 ], [ 4.444654337117289, 51.234406005083436 ], [ 4.445006812823971, 51.234446214845825 ], [ 4.445754428984057, 51.234533335467994 ], [ 4.445824162157852, 51.23449466672961 ], [ 4.445898358503074, 51.23445374792643 ], [ 4.44597435660974, 51.234411569520951 ], [ 4.446010331809255, 51.234391744495746 ], [ 4.446046381432214, 51.23440786379529 ], [ 4.446084895572783, 51.234425113989126 ], [ 4.446120852144963, 51.234445484813492 ], [ 4.44739548964473, 51.234494872519676 ], [ 4.447422620841524, 51.234519868876085 ], [ 4.447523445110773, 51.234612632783616 ], [ 4.447585603178324, 51.234599252304612 ], [ 4.447707635343545, 51.234526274726925 ], [ 4.447733347140776, 51.234508127921124 ], [ 4.447856453529257, 51.234510939173653 ], [ 4.44786090445344, 51.234417888840895 ], [ 4.447919072058784, 51.234415467668498 ], [ 4.447974999266014, 51.234417389351194 ], [ 4.448026230147259, 51.234419188346024 ], [ 4.448081942602017, 51.234421110123407 ], [ 4.448133846395032, 51.234422899627972 ], [ 4.448186194279435, 51.234424832622452 ], [ 4.448238327159324, 51.234426621926012 ], [ 4.448292464482867, 51.234428409846821 ], [ 4.448342134789097, 51.234430209763488 ], [ 4.448398062031453, 51.234432131246145 ], [ 4.448454447451555, 51.234434061379282 ], [ 4.448647286460638, 51.234440815212373 ], [ 4.448703886896268, 51.234442879905195 ], [ 4.448756692735508, 51.234444668521434 ], [ 4.448803227310594, 51.234446326570421 ], [ 4.448859383685701, 51.23444825666688 ], [ 4.448917544739795, 51.234450320191286 ], [ 4.448964537234544, 51.23445183405029 ], [ 4.449024259147705, 51.234454040268034 ], [ 4.44907504600376, 51.234455686310703 ], [ 4.449128295962366, 51.234457618270319 ], [ 4.449177966066075, 51.234459265034282 ], [ 4.449207275826167, 51.234460377459577 ], [ 4.44923075787503, 51.234461197261979 ], [ 4.449220099040851, 51.234531385561617 ], [ 4.450111165870408, 51.234566490418494 ], [ 4.450410065786729, 51.234311741774086 ], [ 4.450395333968536, 51.234547255625088 ], [ 4.45176336389218, 51.234608144149675 ], [ 4.451971702088342, 51.234562803131233 ], [ 4.452108191816335, 51.234603144773047 ], [ 4.45213842040015, 51.234557929897001 ], [ 4.452498628475834, 51.234681370862127 ], [ 4.452007091534145, 51.235276434413088 ], [ 4.452873343175696, 51.235395541104658 ], [ 4.453053934187923, 51.235419841776867 ], [ 4.453098461832631, 51.235301819820663 ], [ 4.453871681067248, 51.235405939572139 ], [ 4.453913132113868, 51.235282202954245 ], [ 4.454026849636549, 51.235301148672391 ], [ 4.454079637675936, 51.235160757341177 ], [ 4.454310862145577, 51.235196272663856 ], [ 4.454401318816224, 51.234932156140303 ], [ 4.454965958125965, 51.234953152829583 ], [ 4.454984461103776, 51.234717626670978 ], [ 4.455192890039467, 51.234722237124814 ], [ 4.455200352818036, 51.234662755757945 ], [ 4.455253399139786, 51.234662716662861 ], [ 4.455336894640192, 51.234729267692082 ], [ 4.45532562005846, 51.234779233223229 ], [ 4.455715983067587, 51.234814628279182 ], [ 4.455886366040161, 51.234740752523813 ], [ 4.45622242244033, 51.234730597345319 ], [ 4.455416478041007, 51.23575648649269 ], [ 4.454142506253492, 51.237540715486219 ], [ 4.453867999523635, 51.237481547008599 ], [ 4.4538621982706, 51.237480292850393 ], [ 4.452633229891114, 51.237207878706386 ], [ 4.447690090737659, 51.23617400208451 ], [ 4.447553176320422, 51.236145349481042 ], [ 4.447504291652557, 51.236135117645055 ], [ 4.446572894653382, 51.235940207287918 ], [ 4.446523094388772, 51.235930164408721 ], [ 4.446523065737916, 51.23593015543937 ], [ 4.442675376261682, 51.235154138389554 ] ] ] } },
{ "type": "Feature", "properties": { "OBJECTID": 36643, "SECCODE": "11002R101", "SECNAAM": "KRONENBURG", "NISGEMEENTE": "11002", "NISDEELGEMEENTE": "11002R", "NISCODE": "R101", "OPPERVLAKTE": 386591.6455325, "shape_Length": 3173.6414095650839, "shape_Area": 386591.64553243038 }, "geometry": { "type": "Polygon", "coordinates": [ [ [ 4.442299713080863, 51.229223330692172 ], [ 4.442299727411031, 51.22922333967152 ], [ 4.443205686517629, 51.229557934446021 ], [ 4.444107505545565, 51.229716128353907 ], [ 4.445058995013374, 51.229988183534807 ], [ 4.446186510718386, 51.230318790882293 ], [ 4.447369028616378, 51.230656253632695 ], [ 4.448843008157658, 51.231038375665207 ], [ 4.450311370303474, 51.231330743460475 ], [ 4.454523864006311, 51.232076720258078 ], [ 4.456102220082228, 51.232362032563934 ], [ 4.457416253318766, 51.23258272676695 ], [ 4.457541752563636, 51.232603799447418 ], [ 4.457428374209477, 51.233095134475406 ], [ 4.456934969866825, 51.233780373470793 ], [ 4.456296009096355, 51.234636937859058 ], [ 4.45622242244033, 51.234730597345319 ], [ 4.455886366040161, 51.234740752523813 ], [ 4.455715983067587, 51.234814628279182 ], [ 4.45532562005846, 51.234779233223229 ], [ 4.455336894640192, 51.234729267692082 ], [ 4.455253399139786, 51.234662716662861 ], [ 4.455200352818036, 51.234662755757945 ], [ 4.455192890039467, 51.234722237124814 ], [ 4.454984461103776, 51.234717626670978 ], [ 4.454965958125965, 51.234953152829583 ], [ 4.454401318816224, 51.234932156140303 ], [ 4.454310862145577, 51.235196272663856 ], [ 4.454079637675936, 51.235160757341177 ], [ 4.454026849636549, 51.235301148672391 ], [ 4.453913132113868, 51.235282202954245 ], [ 4.453871681067248, 51.235405939572139 ], [ 4.453098461832631, 51.235301819820663 ], [ 4.453053934187923, 51.235419841776867 ], [ 4.452873343175696, 51.235395541104658 ], [ 4.452007091534145, 51.235276434413088 ], [ 4.452498628475834, 51.234681370862127 ], [ 4.45213842040015, 51.234557929897001 ], [ 4.452108191816335, 51.234603144773047 ], [ 4.451971702088342, 51.234562803131233 ], [ 4.45176336389218, 51.234608144149675 ], [ 4.450395333968536, 51.234547255625088 ], [ 4.450410065786729, 51.234311741774086 ], [ 4.450111165870408, 51.234566490418494 ], [ 4.449220099040851, 51.234531385561617 ], [ 4.44923075787503, 51.234461197261979 ], [ 4.449207275826167, 51.234460377459577 ], [ 4.449177966066075, 51.234459265034282 ], [ 4.449128295962366, 51.234457618270319 ], [ 4.44907504600376, 51.234455686310703 ], [ 4.449024259147705, 51.234454040268034 ], [ 4.448964537234544, 51.23445183405029 ], [ 4.448917544739795, 51.234450320191286 ], [ 4.448859383685701, 51.23444825666688 ], [ 4.448803227310594, 51.234446326570421 ], [ 4.448756692735508, 51.234444668521434 ], [ 4.448703886896268, 51.234442879905195 ], [ 4.448647286460638, 51.234440815212373 ], [ 4.448454447451555, 51.234434061379282 ], [ 4.448398062031453, 51.234432131246145 ], [ 4.448342134789097, 51.234430209763488 ], [ 4.448292464482867, 51.234428409846821 ], [ 4.448238327159324, 51.234426621926012 ], [ 4.448186194279435, 51.234424832622452 ], [ 4.448133846395032, 51.234422899627972 ], [ 4.448081942602017, 51.234421110123407 ], [ 4.448026230147259, 51.234419188346024 ], [ 4.447974999266014, 51.234417389351194 ], [ 4.447919072058784, 51.234415467668498 ], [ 4.44786090445344, 51.234417888840895 ], [ 4.447856453529257, 51.234510939173653 ], [ 4.447733347140776, 51.234508127921124 ], [ 4.447707635343545, 51.234526274726925 ], [ 4.447585603178324, 51.234599252304612 ], [ 4.447523445110773, 51.234612632783616 ], [ 4.447422620841524, 51.234519868876085 ], [ 4.44739548964473, 51.234494872519676 ], [ 4.446120852144963, 51.234445484813492 ], [ 4.446084895572783, 51.234425113989126 ], [ 4.446046381432214, 51.23440786379529 ], [ 4.446010331809255, 51.234391744495746 ], [ 4.44597435660974, 51.234411569520951 ], [ 4.445898358503074, 51.23445374792643 ], [ 4.445824162157852, 51.23449466672961 ], [ 4.445754428984057, 51.234533335467994 ], [ 4.445006812823971, 51.234446214845825 ], [ 4.444654337117289, 51.234406005083436 ], [ 4.444165382392718, 51.234318297881387 ], [ 4.444093267701415, 51.23424935872773 ], [ 4.443816532375649, 51.234173414026579 ], [ 4.443786307577984, 51.234225772508154 ], [ 4.443399519182845, 51.234054737646183 ], [ 4.442964149819521, 51.233987322958285 ], [ 4.442995180876089, 51.233732438783704 ], [ 4.442995180847192, 51.233732420807016 ], [ 4.443014002898428, 51.233577881243072 ], [ 4.443014002840618, 51.23357784528973 ], [ 4.443022360008547, 51.233352744838207 ], [ 4.443022359994093, 51.233352735849849 ], [ 4.442967696082147, 51.232853072292784 ], [ 4.442907032357782, 51.232298511566071 ], [ 4.442907032300055, 51.232298475612744 ], [ 4.442774290218409, 51.231407202661146 ], [ 4.442774290160787, 51.231407166707747 ], [ 4.44281359421156, 51.230928323244335 ], [ 4.442824757587903, 51.230792313380782 ], [ 4.442824757559072, 51.230792295404072 ], [ 4.442818364110071, 51.230742441036142 ], [ 4.442768825609384, 51.230355775264592 ], [ 4.442755371895693, 51.230250745817834 ], [ 4.442727797789442, 51.230035492056466 ], [ 4.442428473911058, 51.229468227562855 ], [ 4.442299713080863, 51.229223330692172 ] ] ] } }
]
}
